date,PM25,Mean Temp (°C)_x,Total Precip (mm)_x,PM25_lag1,PM25_roll3,month,dow,season,Mean Temp (°C)_y,Total Precip (mm)_y,year,dayofyear
2020-01-01,5.08089460992217,-1.6,0.0,,,1,2,Winter,-1.6,0.0,2020,1
2020-01-02,4.965239177700184,-4.2,1.4,5.08089460992217,,1,3,Winter,-4.2,1.4,2020,2
2020-01-03,6.3679116441374255,-0.4,0.0,4.965239177700184,5.471348477253261,1,4,Winter,-0.4,0.0,2020,3
2020-01-04,4.359543791057613,2.4,0.6,6.3679116441374255,5.230898204298407,1,5,Winter,2.4,0.6,2020,4
2020-01-05,3.7067633834937403,-4.1,0.1,4.359543791057613,4.811406272896259,1,6,Winter,-4.1,0.1,2020,5
2020-01-06,5.019183470547966,-4.8,0.0,3.7067633834937403,4.361830215033106,1,0,Winter,-4.8,0.0,2020,6
2020-01-07,6.159907406944729,-9.7,0.5,5.019183470547966,4.961951420328812,1,1,Winter,-9.7,0.5,2020,7
2020-01-08,5.520908245595625,-10.6,0.2,6.159907406944729,5.5666663743627725,1,2,Winter,-10.6,0.2,2020,8
2020-01-09,5.53532087570066,-16.1,0.0,5.520908245595625,5.738712176080338,1,3,Winter,-16.1,0.0,2020,9
2020-01-10,7.120894687757225,-13.9,0.0,5.53532087570066,6.059041269684504,1,4,Winter,-13.9,0.0,2020,10
2020-01-11,5.970570257379947,-15.5,0.0,7.120894687757225,6.2089286069459435,1,5,Winter,-15.5,0.0,2020,11
2020-01-12,3.7431209310552283,-22.7,0.3,5.970570257379947,5.611528625397468,1,6,Winter,-22.7,0.3,2020,12
2020-01-13,6.470408396905816,-28.4,0.3,3.7431209310552283,5.394699861780331,1,0,Winter,-28.4,0.3,2020,13
2020-01-14,7.604023931151252,-30.5,0.0,6.470408396905816,5.939184419704098,1,1,Winter,-30.5,0.0,2020,14
2020-01-15,8.731915627923879,-30.2,0.0,7.604023931151252,7.602115985326982,1,2,Winter,-30.2,0.0,2020,15
2020-01-16,6.2525801048119884,-28.5,0.0,8.731915627923879,7.52950655462904,1,3,Winter,-28.5,0.0,2020,16
2020-01-17,6.046924120026799,-25.2,0.0,6.2525801048119884,7.010473284254222,1,4,Winter,-25.2,0.0,2020,17
2020-01-18,6.439350561123659,-23.5,0.0,6.046924120026799,6.246284928654148,1,5,Winter,-23.5,0.0,2020,18
2020-01-19,5.867146919878934,-8.1,0.0,6.439350561123659,6.1178072003431305,1,6,Winter,-8.1,0.0,2020,19
2020-01-20,6.761723369332064,1.6,0.0,5.867146919878934,6.356073616778219,1,0,Winter,1.6,0.0,2020,20
2020-01-21,6.36971994409673,-1.0,0.0,6.761723369332064,6.332863411102576,1,1,Winter,-1.0,0.0,2020,21
2020-01-22,8.948701659056603,0.9,0.0,6.36971994409673,7.360048324161799,1,2,Winter,0.9,0.0,2020,22
2020-01-23,9.129658385093167,0.1,0.0,8.948701659056603,8.149359996082167,1,3,Winter,0.1,0.0,2020,23
2020-01-24,10.122450221514367,4.8,0.0,9.129658385093167,9.400270088554713,1,4,Winter,4.8,0.0,2020,24
2020-01-25,9.128141425957764,2.9,0.0,10.122450221514367,9.460083344188433,1,5,Winter,2.9,0.0,2020,25
2020-01-26,6.859087729559813,-3.4,0.0,9.128141425957764,8.703226459010649,1,6,Winter,-3.4,0.0,2020,26
2020-01-27,5.42012701201107,0.6,0.0,6.859087729559813,7.135785389176216,1,0,Winter,0.6,0.0,2020,27
2020-01-28,6.275595763255895,-1.1,0.0,5.42012701201107,6.18493683494226,1,1,Winter,-1.1,0.0,2020,28
2020-01-29,5.489707840707376,-2.4,0.0,6.275595763255895,5.728476871991447,1,2,Winter,-2.4,0.0,2020,29
2020-01-30,5.887853216986889,0.1,0.0,5.489707840707376,5.884385606983386,1,3,Winter,0.1,0.0,2020,30
2020-01-31,8.452875104992563,1.9,0.1,5.887853216986889,6.610145387562276,1,4,Winter,1.9,0.1,2020,31
2020-02-01,9.985094658743936,2.4,4.1,8.452875104992563,8.108607660241129,2,5,Winter,2.4,4.1,2020,32
2020-02-02,10.146623111942406,-6.7,3.2,9.985094658743936,9.5281976252263,2,6,Winter,-6.7,3.2,2020,33
2020-02-03,7.563836833067147,-9.7,0.5,10.146623111942406,9.231851534584496,2,0,Winter,-9.7,0.5,2020,34
2020-02-04,5.1982147978221525,-10.1,0.2,7.563836833067147,7.636224914277236,2,1,Winter,-10.1,0.2,2020,35
2020-02-05,4.490196549955111,1.0,0.1,5.1982147978221525,5.750749393614804,2,2,Winter,1.0,0.1,2020,36
2020-02-06,5.869515602378926,-2.6,0.0,4.490196549955111,5.185975650052064,2,3,Winter,-2.6,0.0,2020,37
2020-02-07,4.3007219034925965,-4.6,0.0,5.869515602378926,4.886811351942211,2,4,Winter,-4.6,0.0,2020,38
2020-02-08,5.413966681324319,-7.7,3.6,4.3007219034925965,5.1947347290652806,2,5,Winter,-7.7,3.6,2020,39
2020-02-09,7.7621718525999315,-5.7,0.4,5.413966681324319,5.825620145805615,2,6,Winter,-5.7,0.4,2020,40
2020-02-10,8.6392207382625,-3.2,0.0,7.7621718525999315,7.27178642406225,2,0,Winter,-3.2,0.0,2020,41
2020-02-11,9.883412190720543,-2.3,0.7,8.6392207382625,8.761601593860993,2,1,Winter,-2.3,0.7,2020,42
2020-02-12,7.4883376818308705,-10.9,0.0,9.883412190720543,8.670323536937971,2,2,Winter,-10.9,0.0,2020,43
2020-02-13,6.128192029192795,-3.3,0.2,7.4883376818308705,7.83331396724807,2,3,Winter,-3.3,0.2,2020,44
2020-02-14,4.923541147928238,-4.5,1.3,6.128192029192795,6.180023619650634,2,4,Winter,-4.5,1.3,2020,45
2020-02-15,5.651992180404254,-2.7,0.0,4.923541147928238,5.567908452508429,2,5,Winter,-2.7,0.0,2020,46
2020-02-16,7.4738620817641594,-3.2,0.0,5.651992180404254,6.0164651366988835,2,6,Winter,-3.2,0.0,2020,47
2020-02-17,6.227118452634086,-11.9,1.2,7.4738620817641594,6.450990904934166,2,0,Winter,-11.9,1.2,2020,48
2020-02-18,6.761706249017109,-11.8,0.6,6.227118452634086,6.820895594471786,2,1,Winter,-11.8,0.6,2020,49
2020-02-19,5.9198676866234,-8.2,0.0,6.761706249017109,6.302897462758199,2,2,Winter,-8.2,0.0,2020,50
2020-02-20,6.4336648418635125,-3.1,0.3,5.9198676866234,6.371746259168007,2,3,Winter,-3.1,0.3,2020,51
2020-02-21,6.8247734619816995,1.2,0.2,6.4336648418635125,6.392768663489537,2,4,Winter,1.2,0.2,2020,52
2020-02-22,7.048532645293515,-2.1,0.0,6.8247734619816995,6.7689903163795755,2,5,Winter,-2.1,0.0,2020,53
2020-02-23,8.370710249885528,-5.0,1.6,7.048532645293515,7.414672119053582,2,6,Winter,-5.0,1.6,2020,54
2020-02-24,9.50391042622822,-5.9,0.8,8.370710249885528,8.307717773802421,2,0,Winter,-5.9,0.8,2020,55
2020-02-25,8.460623287378654,-7.8,0.0,9.50391042622822,8.778414654497467,2,1,Winter,-7.8,0.0,2020,56
2020-02-26,6.621070508260026,-0.2,0.0,8.460623287378654,8.195201407288968,2,2,Winter,-0.2,0.0,2020,57
2020-02-27,4.3451439430001395,3.2,0.1,6.621070508260026,6.475612579546273,2,3,Winter,3.2,0.1,2020,58
2020-02-28,4.302171628016022,4.2,0.1,4.3451439430001395,5.089462026425396,2,4,Winter,4.2,0.1,2020,59
2020-02-29,4.9081691309227535,1.3,1.4,4.302171628016022,4.5184949006463055,2,5,Winter,1.3,1.4,2020,60
2020-03-01,5.521430024336203,-4.4,0.1,4.9081691309227535,4.91059026109166,3,6,Spring,-4.4,0.1,2020,61
2020-03-02,5.970785979443156,2.6,0.2,5.521430024336203,5.466795044900704,3,0,Spring,2.6,0.2,2020,62
2020-03-03,7.972616912551791,1.2,0.3,5.970785979443156,6.48827763877705,3,1,Spring,1.2,0.3,2020,63
2020-03-04,4.140683408400321,-0.6,0.7,7.972616912551791,6.028028766798424,3,2,Spring,-0.6,0.7,2020,64
2020-03-05,4.466527793335573,0.0,0.0,4.140683408400321,5.526609371429228,3,3,Spring,0.0,0.0,2020,65
2020-03-06,5.286749024350025,0.4,0.0,4.466527793335573,4.631320075361973,3,4,Spring,0.4,0.0,2020,66
2020-03-07,4.874051315739295,-11.1,1.8,5.286749024350025,4.875776044474965,3,5,Spring,-11.1,1.8,2020,67
2020-03-08,6.6150734850383905,-13.8,0.0,4.874051315739295,5.591957941709237,3,6,Spring,-13.8,0.0,2020,68
2020-03-09,6.583174705658081,-7.3,0.0,6.6150734850383905,6.02409983547859,3,0,Spring,-7.3,0.0,2020,69
2020-03-10,5.967396522294978,-2.4,0.2,6.583174705658081,6.388548237663817,3,1,Spring,-2.4,0.2,2020,70
2020-03-11,4.672380009229266,-0.4,0.0,5.967396522294978,5.7409837457274415,3,2,Spring,-0.4,0.0,2020,71
2020-03-12,6.2460961981699965,-3.9,1.1,4.672380009229266,5.628624243231414,3,3,Spring,-3.9,1.1,2020,72
2020-03-13,4.043260690371029,-14.7,2.5,6.2460961981699965,4.987245632590098,3,4,Spring,-14.7,2.5,2020,73
2020-03-14,4.119312916359857,-19.8,1.7,4.043260690371029,4.802889934966962,3,5,Spring,-19.8,1.7,2020,74
2020-03-15,5.1432510657992125,-17.4,0.0,4.119312916359857,4.435274890843367,3,6,Spring,-17.4,0.0,2020,75
2020-03-16,6.260160278672206,-5.6,0.0,5.1432510657992125,5.1742414202770926,3,0,Spring,-5.6,0.0,2020,76
2020-03-17,7.659963819937963,-3.0,0.2,6.260160278672206,6.354458388136461,3,1,Spring,-3.0,0.2,2020,77
2020-03-18,7.546941111943028,-8.8,0.1,7.659963819937963,7.155688403517733,3,2,Spring,-8.8,0.1,2020,78
2020-03-19,9.1462293370971,-10.2,0.4,7.546941111943028,8.117711422992697,3,3,Spring,-10.2,0.4,2020,79
2020-03-20,7.769613162033952,-5.8,0.3,9.1462293370971,8.15426120369136,3,4,Spring,-5.8,0.3,2020,80
2020-03-21,6.856351572949302,-2.8,0.2,7.769613162033952,7.924064690693451,3,5,Spring,-2.8,0.2,2020,81
2020-03-22,5.875730280044439,0.3,0.0,6.856351572949302,6.833898338342564,3,6,Spring,0.3,0.0,2020,82
2020-03-23,5.673566264759993,1.6,0.4,5.875730280044439,6.135216039251245,3,0,Spring,1.6,0.4,2020,83
2020-03-24,6.017501304005729,-3.9,0.7,5.673566264759993,5.85559928293672,3,1,Spring,-3.9,0.7,2020,84
2020-03-25,6.666074010316988,-5.2,1.5,6.017501304005729,6.119047193027569,3,2,Spring,-5.2,1.5,2020,85
2020-03-26,6.5449754130376485,-0.1,0.5,6.666074010316988,6.409516909120122,3,3,Spring,-0.1,0.5,2020,86
2020-03-27,4.662077733860343,2.4,0.0,6.5449754130376485,5.957709052404994,3,4,Spring,2.4,0.0,2020,87
2020-03-28,4.913807537068407,1.4,0.0,4.662077733860343,5.373620227988799,3,5,Spring,1.4,0.0,2020,88
2020-03-29,4.330508227393585,4.5,0.0,4.913807537068407,4.635464499440778,3,6,Spring,4.5,0.0,2020,89
2020-03-30,3.778009211487809,-4.9,2.0,4.330508227393585,4.340774991983267,3,0,Spring,-4.9,2.0,2020,90
2020-03-31,4.036170059468955,-10.1,0.0,3.778009211487809,4.048229166116783,3,1,Spring,-10.1,0.0,2020,91
2020-04-01,3.7612252964426878,-12.8,0.1,4.036170059468955,3.8584681891331507,4,2,Spring,-12.8,0.1,2020,92
2020-04-02,4.369856371855774,-11.7,0.0,3.7612252964426878,4.055750575922472,4,3,Spring,-11.7,0.0,2020,93
2020-04-03,4.573657499439214,-9.5,0.0,4.369856371855774,4.234913055912559,4,4,Spring,-9.5,0.0,2020,94
2020-04-04,5.661205766710354,-7.4,0.0,4.573657499439214,4.868239879335114,4,5,Spring,-7.4,0.0,2020,95
2020-04-05,5.565489873966928,-5.6,0.2,5.661205766710354,5.266784380038832,4,6,Spring,-5.6,0.2,2020,96
2020-04-06,5.90430523265531,-1.0,1.0,5.565489873966928,5.710333624444197,4,0,Spring,-1.0,1.0,2020,97
2020-04-07,5.765184853025763,0.3,1.6,5.90430523265531,5.744993319882667,4,1,Spring,0.3,1.6,2020,98
2020-04-08,6.05908841030389,0.2,0.0,5.765184853025763,5.90952616532832,4,2,Spring,0.2,0.0,2020,99
2020-04-09,5.665586257306207,4.9,0.0,6.05908841030389,5.829953173545285,4,3,Spring,4.9,0.0,2020,100
2020-04-10,3.641218982251591,0.3,1.7,5.665586257306207,5.121964549953896,4,4,Spring,0.3,1.7,2020,101
2020-04-11,3.75371935120694,-6.4,2.7,3.641218982251591,4.353508196921579,4,5,Spring,-6.4,2.7,2020,102
2020-04-12,5.579142402511968,-5.8,0.2,3.75371935120694,4.3246935786568335,4,6,Spring,-5.8,0.2,2020,103
2020-04-13,5.187338842773625,-3.0,0.0,5.579142402511968,4.840066865497511,4,0,Spring,-3.0,0.0,2020,104
2020-04-14,4.472897079804171,3.4,2.5,5.187338842773625,5.079792775029921,4,1,Spring,3.4,2.5,2020,105
2020-04-15,4.60945455478847,-0.8,2.9,4.472897079804171,4.756563492455421,4,2,Spring,-0.8,2.9,2020,106
2020-04-16,4.7077967789924315,2.2,0.0,4.60945455478847,4.596716137861691,4,3,Spring,2.2,0.0,2020,107
2020-04-17,5.211274550948463,7.1,1.7,4.7077967789924315,4.842841961576455,4,4,Spring,7.1,1.7,2020,108
2020-04-18,6.303130251356795,2.0,0.5,5.211274550948463,5.40740052709923,4,5,Spring,2.0,0.5,2020,109
2020-04-19,5.9439079395601135,5.8,0.0,6.303130251356795,5.81943758062179,4,6,Spring,5.8,0.0,2020,110
2020-04-20,5.067573274095013,11.8,0.0,5.9439079395601135,5.771537155003974,4,0,Spring,11.8,0.0,2020,111
2020-04-21,4.262500911413954,13.2,0.0,5.067573274095013,5.0913273750230275,4,1,Spring,13.2,0.0,2020,112
2020-04-22,4.065631400070759,8.5,0.9,4.262500911413954,4.465235195193242,4,2,Spring,8.5,0.9,2020,113
2020-04-23,4.443192578504753,7.2,0.1,4.065631400070759,4.257108296663156,4,3,Spring,7.2,0.1,2020,114
2020-04-24,5.29588446241596,6.9,0.0,4.443192578504753,4.6015694803304905,4,4,Spring,6.9,0.0,2020,115
2020-04-25,5.306038192198801,9.0,0.3,5.29588446241596,5.015038411039838,4,5,Spring,9.0,0.3,2020,116
2020-04-26,4.27499600461557,7.9,0.2,5.306038192198801,4.95897288641011,4,6,Spring,7.9,0.2,2020,117
2020-04-27,4.205226676023795,8.9,0.0,4.27499600461557,4.5954202909460555,4,0,Spring,8.9,0.0,2020,118
2020-04-28,4.649322233300591,8.3,0.0,4.205226676023795,4.376514971313319,4,1,Spring,8.3,0.0,2020,119
2020-04-29,5.203714377188909,11.8,0.0,4.649322233300591,4.686087762171098,4,2,Spring,11.8,0.0,2020,120
2020-04-30,4.86189754156033,10.9,0.0,5.203714377188909,4.904978050683277,4,3,Spring,10.9,0.0,2020,121
2020-05-01,3.9174422120415495,7.0,0.0,4.86189754156033,4.66101804359693,5,4,Spring,7.0,0.0,2020,122
2020-05-02,4.848977078535525,9.0,0.0,3.9174422120415495,4.542772277379135,5,5,Spring,9.0,0.0,2020,123
2020-05-03,4.439468852142159,9.1,9.5,4.848977078535525,4.401962714239745,5,6,Spring,9.1,9.5,2020,124
2020-05-04,3.4266920886437577,4.0,0.2,4.439468852142159,4.238379339773814,5,0,Spring,4.0,0.2,2020,125
2020-05-05,3.899500992343578,6.8,0.0,3.4266920886437577,3.921887311043165,5,1,Spring,6.8,0.0,2020,126
2020-05-06,3.94259078057032,8.2,0.0,3.899500992343578,3.7562612871858856,5,2,Spring,8.2,0.0,2020,127
2020-05-07,4.481065269849075,11.4,0.3,3.94259078057032,4.107719014254324,5,3,Spring,11.4,0.3,2020,128
2020-05-08,3.661227647033274,6.7,0.8,4.481065269849075,4.028294565817556,5,4,Spring,6.7,0.8,2020,129
2020-05-09,3.4445255419810756,6.0,0.0,3.661227647033274,3.862272819621141,5,5,Spring,6.0,0.0,2020,130
2020-05-10,3.7313124003021705,3.6,0.8,3.4445255419810756,3.61235519643884,5,6,Spring,3.6,0.8,2020,131
2020-05-11,4.159620251380772,3.5,0.0,3.7313124003021705,3.7784860645546723,5,0,Spring,3.5,0.0,2020,132
2020-05-12,4.624090290028171,5.5,0.0,4.159620251380772,4.171674313903704,5,1,Spring,5.5,0.0,2020,133
2020-05-13,4.960918972332016,6.6,0.0,4.624090290028171,4.581543171246986,5,2,Spring,6.6,0.0,2020,134
2020-05-14,5.724290660272333,9.0,0.2,4.960918972332016,5.10309997421084,5,3,Spring,9.0,0.2,2020,135
2020-05-15,6.100045095569392,9.4,0.0,5.724290660272333,5.595084909391247,5,4,Spring,9.4,0.0,2020,136
2020-05-16,4.949013038456436,11.8,0.0,6.100045095569392,5.591116264766054,5,5,Spring,11.8,0.0,2020,137
2020-05-17,4.784994209575382,13.0,0.0,4.949013038456436,5.278017447867071,5,6,Spring,13.0,0.0,2020,138
2020-05-18,4.582477626394176,13.7,0.0,4.784994209575382,4.772161624808665,5,0,Spring,13.7,0.0,2020,139
2020-05-19,4.5036826539369414,11.3,0.7,4.582477626394176,4.623718163302168,5,1,Spring,11.3,0.7,2020,140
2020-05-20,4.905375799238986,9.0,2.1,4.5036826539369414,4.663845359856701,5,2,Spring,9.0,2.1,2020,141
2020-05-21,4.268877760182108,5.1,32.3,4.905375799238986,4.5593120711193444,5,3,Spring,5.1,32.3,2020,142
2020-05-22,4.931267339019897,4.0,15.2,4.268877760182108,4.70184029948033,5,4,Spring,4.0,15.2,2020,143
2020-05-23,4.856660257318152,10.0,0.0,4.931267339019897,4.685601785506719,5,5,Spring,10.0,0.0,2020,144
2020-05-24,5.131116170518345,11.3,0.0,4.856660257318152,4.9730145889521316,5,6,Spring,11.3,0.0,2020,145
2020-05-25,5.62178407973167,13.6,0.0,5.131116170518345,5.203186835856056,5,0,Spring,13.6,0.0,2020,146
2020-05-26,5.699124374310599,10.0,2.0,5.62178407973167,5.4840082081868715,5,1,Spring,10.0,2.0,2020,147
2020-05-27,5.8702768744859135,9.4,0.0,5.699124374310599,5.730395109509395,5,2,Spring,9.4,0.0,2020,148
2020-05-28,5.284436275479754,11.0,0.0,5.8702768744859135,5.6179458414254215,5,3,Spring,11.0,0.0,2020,149
2020-05-29,5.157077503816635,14.1,0.0,5.284436275479754,5.437263551260767,5,4,Spring,14.1,0.0,2020,150
2020-05-30,4.597043953070739,17.6,0.1,5.157077503816635,5.01285257745571,5,5,Spring,17.6,0.1,2020,151
2020-05-31,3.6587627199568074,14.4,38.4,4.597043953070739,4.470961392281393,5,6,Spring,14.4,38.4,2020,152
2020-06-01,3.3729305145727624,11.9,0.3,3.6587627199568074,3.8762457292001034,6,0,Summer,11.9,0.3,2020,153
2020-06-02,4.428209162211892,12.7,0.0,3.3729305145727624,3.8199674655804876,6,1,Summer,12.7,0.0,2020,154
2020-06-03,5.449400748728102,11.6,0.0,4.428209162211892,4.4168468085042525,6,2,Summer,11.6,0.0,2020,155
2020-06-04,4.918974555355403,10.3,0.0,5.449400748728102,4.932194822098466,6,3,Summer,10.3,0.0,2020,156
2020-06-05,6.025661495507412,10.1,1.2,4.918974555355403,5.464678933196972,6,4,Summer,10.1,1.2,2020,157
2020-06-06,4.596504676942539,14.0,3.4,6.025661495507412,5.180380242601784,6,5,Summer,14.0,3.4,2020,158
2020-06-07,2.9291864054359205,9.4,10.5,4.596504676942539,4.517117525961957,6,6,Summer,9.4,10.5,2020,159
2020-06-08,3.1293253390262326,10.0,2.5,2.9291864054359205,3.5516721404682308,6,0,Summer,10.0,2.5,2020,160
2020-06-09,3.9732793290130175,10.4,0.0,3.1293253390262326,3.343930357825057,6,1,Summer,10.4,0.0,2020,161
2020-06-10,5.373940775277762,15.0,0.0,3.9732793290130175,4.158848481105671,6,2,Summer,15.0,0.0,2020,162
2020-06-11,4.096500500933245,15.7,0.0,5.373940775277762,4.481240201741341,6,3,Summer,15.7,0.0,2020,163
2020-06-12,3.5683353336761603,19.5,2.0,4.096500500933245,4.346258869962389,6,4,Summer,19.5,2.0,2020,164
2020-06-13,3.646922240400501,15.4,59.8,3.5683353336761603,3.770586025003302,6,5,Summer,15.4,59.8,2020,165
2020-06-14,3.545916144990605,12.7,0.0,3.646922240400501,3.587057906355755,6,6,Summer,12.7,0.0,2020,166
2020-06-15,3.848168506176394,12.8,0.0,3.545916144990605,3.6803356305225,6,0,Summer,12.8,0.0,2020,167
2020-06-16,4.886503708872513,12.0,0.7,3.848168506176394,4.0935294533465045,6,1,Summer,12.0,0.7,2020,168
2020-06-17,5.769629330923798,11.7,6.0,4.886503708872513,4.834767181990902,6,2,Summer,11.7,6.0,2020,169
2020-06-18,6.967598616943246,11.6,0.0,5.769629330923798,5.874577218913186,6,3,Summer,11.6,0.0,2020,170
2020-06-19,7.675702895021464,13.4,0.0,6.967598616943246,6.804310280962835,6,4,Summer,13.4,0.0,2020,171
2020-06-20,8.073444703188516,16.9,0.0,7.675702895021464,7.572248738384409,6,5,Summer,16.9,0.0,2020,172
2020-06-21,7.44276545040485,16.4,27.3,8.073444703188516,7.73063768287161,6,6,Summer,16.4,27.3,2020,173
2020-06-22,6.064812754758408,16.0,0.0,7.44276545040485,7.193674302783925,6,0,Summer,16.0,0.0,2020,174
2020-06-23,5.754534422613067,18.7,0.0,6.064812754758408,6.420704209258775,6,1,Summer,18.7,0.0,2020,175
2020-06-24,4.069005697390835,15.2,4.1,5.754534422613067,5.29611762492077,6,2,Summer,15.2,4.1,2020,176
2020-06-25,4.423580710987985,15.8,0.0,4.069005697390835,4.749040276997295,6,3,Summer,15.8,0.0,2020,177
2020-06-26,5.383775115712456,18.1,0.0,4.423580710987985,4.6254538413637585,6,4,Summer,18.1,0.0,2020,178
2020-06-27,5.322227985143586,13.7,11.6,5.383775115712456,5.043194603948009,6,5,Summer,13.7,11.6,2020,179
2020-06-28,5.409496364675393,10.6,13.1,5.322227985143586,5.371833155177145,6,6,Summer,10.6,13.1,2020,180
2020-06-29,5.878751065507358,13.5,0.1,5.409496364675393,5.536825138442112,6,0,Summer,13.5,0.1,2020,181
2020-06-30,5.201090438430591,11.3,29.8,5.878751065507358,5.496445956204447,6,1,Summer,11.3,29.8,2020,182
2020-07-01,5.291968084487266,15.0,3.1,5.201090438430591,5.457269862808405,7,2,Summer,15.0,3.1,2020,183
2020-07-02,6.1285857811846975,14.7,0.0,5.291968084487266,5.540548101367517,7,3,Summer,14.7,0.0,2020,184
2020-07-03,5.709635949524201,16.4,0.0,6.1285857811846975,5.7100632717320545,7,4,Summer,16.4,0.0,2020,185
2020-07-04,4.802288006728124,13.8,8.8,5.709635949524201,5.5468365791456735,7,5,Summer,13.8,8.8,2020,186
2020-07-05,4.864320498622824,12.9,0.0,4.802288006728124,5.125414818291716,7,6,Summer,12.9,0.0,2020,187
2020-07-06,5.775078290397231,15.2,0.0,4.864320498622824,5.14722893191606,7,0,Summer,15.2,0.0,2020,188
2020-07-07,6.329552735481034,13.6,14.4,5.775078290397231,5.6563171748336964,7,1,Summer,13.6,14.4,2020,189
2020-07-08,5.738587819134904,,,6.329552735481034,5.94773961500439,7,2,Summer,,,2020,190
2020-07-09,6.442588041467567,14.9,0.0,5.738587819134904,6.170242865361168,7,3,Summer,14.9,0.0,2020,191
2020-07-10,6.175234936655444,15.9,0.0,6.442588041467567,6.118803599085972,7,4,Summer,15.9,0.0,2020,192
2020-07-11,4.257487556726687,16.1,0.0,6.175234936655444,5.625103511616566,7,5,Summer,16.1,0.0,2020,193
2020-07-12,3.399372921764226,15.6,0.0,4.257487556726687,4.610698471715453,7,6,Summer,15.6,0.0,2020,194
2020-07-13,3.490201518288475,12.8,0.8,3.399372921764226,3.715687332259796,7,0,Summer,12.8,0.8,2020,195
2020-07-14,3.8074378931518518,16.1,0.0,3.490201518288475,3.565670777734851,7,1,Summer,16.1,0.0,2020,196
2020-07-15,4.4114893595857385,16.2,0.0,3.8074378931518518,3.9030429236753554,7,2,Summer,16.2,0.0,2020,197
2020-07-16,5.2359662284582935,19.2,0.0,4.4114893595857385,4.484964493731961,7,3,Summer,19.2,0.0,2020,198
2020-07-17,4.16290977968451,16.1,3.7,5.2359662284582935,4.603455122576181,7,4,Summer,16.1,3.7,2020,199
2020-07-18,4.959524303732541,15.5,0.0,4.16290977968451,4.786133437291782,7,5,Summer,15.5,0.0,2020,200
2020-07-19,5.81749279875138,16.4,3.6,4.959524303732541,4.979975627389478,7,6,Summer,16.4,3.6,2020,201
2020-07-20,4.862350331629381,16.2,0.0,5.81749279875138,5.213122478037768,7,0,Summer,16.2,0.0,2020,202
2020-07-21,4.2887460830179185,18.1,0.0,4.862350331629381,4.98952973779956,7,1,Summer,18.1,0.0,2020,203
2020-07-22,4.853520251468136,19.1,0.0,4.2887460830179185,4.668205555371812,7,2,Summer,19.1,0.0,2020,204
2020-07-23,4.994635924462011,17.2,24.4,4.853520251468136,4.712300752982689,7,3,Summer,17.2,24.4,2020,205
2020-07-24,4.772656141228047,14.1,3.6,4.994635924462011,4.873604105719398,7,4,Summer,14.1,3.6,2020,206
2020-07-25,5.278836765014096,13.5,0.0,4.772656141228047,5.015376276901384,7,5,Summer,13.5,0.0,2020,207
2020-07-26,6.03834418359858,15.6,0.0,5.278836765014096,5.363279029946907,7,6,Summer,15.6,0.0,2020,208
2020-07-27,6.7727778181167455,18.6,0.0,6.03834418359858,6.029986255576474,7,0,Summer,18.6,0.0,2020,209
2020-07-28,6.3512240410743885,20.8,0.0,6.7727778181167455,6.3874486809299045,7,1,Summer,20.8,0.0,2020,210
2020-07-29,6.357472200709424,21.4,0.0,6.3512240410743885,6.493824686633519,7,2,Summer,21.4,0.0,2020,211
2020-07-30,6.412852235755962,21.6,0.0,6.357472200709424,6.3738494925132585,7,3,Summer,21.6,0.0,2020,212
2020-07-31,6.995033873013413,21.8,0.0,6.412852235755962,6.588452769826266,7,4,Summer,21.8,0.0,2020,213
2020-08-01,6.4936282257468205,21.0,1.4,6.995033873013413,6.633838111505399,8,5,Summer,21.0,1.4,2020,214
2020-08-02,5.894485743447056,21.3,0.0,6.4936282257468205,6.461049280735764,8,6,Summer,21.3,0.0,2020,215
2020-08-03,4.933086469985447,20.5,0.2,5.894485743447056,5.773733479726442,8,0,Summer,20.5,0.2,2020,216
2020-08-04,4.669811165485079,17.0,0.0,4.933086469985447,5.165794459639194,8,1,Summer,17.0,0.0,2020,217
2020-08-05,4.270338518127141,20.7,0.0,4.669811165485079,4.624412051199222,8,2,Summer,20.7,0.0,2020,218
2020-08-06,4.726775799662996,20.1,0.0,4.270338518127141,4.5556418277584045,8,3,Summer,20.1,0.0,2020,219
2020-08-07,4.909187194405543,14.7,9.6,4.726775799662996,4.635433837398559,8,4,Summer,14.7,9.6,2020,220
2020-08-08,5.118494129315599,15.1,0.0,4.909187194405543,4.918152374461379,8,5,Summer,15.1,0.0,2020,221
2020-08-09,5.651713300486867,12.4,0.1,5.118494129315599,5.226464874736004,8,6,Summer,12.4,0.1,2020,222
2020-08-10,6.526266440894865,18.9,0.0,5.651713300486867,5.765491290232444,8,0,Summer,18.9,0.0,2020,223
2020-08-11,6.223510262003846,14.8,0.0,6.526266440894865,6.133830001128526,8,1,Summer,14.8,0.0,2020,224
2020-08-12,5.688329591905366,13.5,0.0,6.223510262003846,6.146035431601359,8,2,Summer,13.5,0.0,2020,225
2020-08-13,6.566803794955318,13.5,0.0,5.688329591905366,6.159547882954843,8,3,Summer,13.5,0.0,2020,226
2020-08-14,6.080901468184786,13.7,0.1,6.566803794955318,6.11201161834849,8,4,Summer,13.7,0.1,2020,227
2020-08-15,5.7990692431562,18.3,0.0,6.080901468184786,6.148924835432101,8,5,Summer,18.3,0.0,2020,228
2020-08-16,6.0778922245226585,20.0,0.0,5.7990692431562,5.985954311954548,8,6,Summer,20.0,0.0,2020,229
2020-08-17,6.20870201835675,22.9,0.0,6.0778922245226585,6.028554495345204,8,0,Summer,22.9,0.0,2020,230
2020-08-18,5.024137649152477,23.7,0.0,6.20870201835675,5.7702439640106284,8,1,Summer,23.7,0.0,2020,231
2020-08-19,4.356741005297972,19.8,0.0,5.024137649152477,5.196526890935733,8,2,Summer,19.8,0.0,2020,232
2020-08-20,5.015711515348344,20.0,0.0,4.356741005297972,4.79886338993293,8,3,Summer,20.0,0.0,2020,233
2020-08-21,5.405791879617967,18.7,0.0,5.015711515348344,4.926081466754762,8,4,Summer,18.7,0.0,2020,234
2020-08-22,5.2811180979198875,16.9,0.0,5.405791879617967,5.234207164295399,8,5,Summer,16.9,0.0,2020,235
2020-08-23,5.626599743922808,15.6,0.0,5.2811180979198875,5.437836573820221,8,6,Summer,15.6,0.0,2020,236
2020-08-24,6.492086150918531,19.4,0.3,5.626599743922808,5.799934664253741,8,0,Summer,19.4,0.3,2020,237
2020-08-25,5.077320260255044,16.3,0.2,6.492086150918531,5.732002051698795,8,1,Summer,16.3,0.2,2020,238
2020-08-26,3.752016126301023,15.3,0.0,5.077320260255044,5.1071408458248655,8,2,Summer,15.3,0.0,2020,239
2020-08-27,5.054360545200348,14.1,0.0,3.752016126301023,4.627898977252138,8,3,Summer,14.1,0.0,2020,240
2020-08-28,4.319008676526393,17.1,0.0,5.054360545200348,4.375128449342588,8,4,Summer,17.1,0.0,2020,241
2020-08-29,3.6150110316414663,12.5,0.4,4.319008676526393,4.329460084456069,8,5,Summer,12.5,0.4,2020,242
2020-08-30,2.8022989047809506,11.3,0.7,3.6150110316414663,3.5787728709829367,8,6,Summer,11.3,0.7,2020,243
2020-08-31,3.47341512237131,12.3,0.0,2.8022989047809506,3.296908352931242,8,0,Summer,12.3,0.0,2020,244
2020-09-01,4.552954463029747,16.8,0.0,3.47341512237131,3.6095561633940023,9,1,Fall,16.8,0.0,2020,245
2020-09-02,3.7840743784076065,13.6,0.3,4.552954463029747,3.9368146546028875,9,2,Fall,13.6,0.3,2020,246
2020-09-03,3.9679454890381916,13.9,0.0,3.7840743784076065,4.101658110158515,9,3,Fall,13.9,0.0,2020,247
2020-09-04,4.015483348418216,15.8,0.0,3.9679454890381916,3.9225010719546716,9,4,Fall,15.8,0.0,2020,248
2020-09-05,4.906446319753158,19.1,0.0,4.015483348418216,4.296625052403189,9,5,Fall,19.1,0.0,2020,249
2020-09-06,4.341229672330576,10.3,8.1,4.906446319753158,4.42105311350065,9,6,Fall,10.3,8.1,2020,250
2020-09-07,4.465959078290917,6.4,10.0,4.341229672330576,4.571211690124883,9,0,Fall,6.4,10.0,2020,251
2020-09-08,6.896938982921431,10.5,0.0,4.465959078290917,5.234709244514308,9,1,Fall,10.5,0.0,2020,252
2020-09-09,6.242712323711492,13.5,0.0,6.896938982921431,5.868536794974614,9,2,Fall,13.5,0.0,2020,253
2020-09-10,5.5405346920221055,16.2,0.0,6.242712323711492,6.226728666218342,9,3,Fall,16.2,0.0,2020,254
2020-09-11,14.211484033956488,17.9,0.0,5.5405346920221055,8.664910349896696,9,4,Fall,17.9,0.0,2020,255
2020-09-12,26.022341908655026,12.9,0.0,14.211484033956488,15.258120211544542,9,5,Fall,12.9,0.0,2020,256
2020-09-13,31.87683447596395,11.2,0.0,26.022341908655026,24.03688680619182,9,6,Fall,11.2,0.0,2020,257
2020-09-14,35.34137283745938,,,31.87683447596395,31.08018307402612,9,0,Fall,,,2020,258
2020-09-15,24.5882321210727,9.2,0.0,35.34137283745938,30.60214647816535,9,1,Fall,9.2,0.0,2020,259
2020-09-16,17.06681125616293,13.3,0.0,24.5882321210727,25.665472071565006,9,2,Fall,13.3,0.0,2020,260
2020-09-17,17.16834115911633,13.0,0.0,17.06681125616293,19.607794845450652,9,3,Fall,13.0,0.0,2020,261
2020-09-18,16.069914080855156,12.6,0.0,17.16834115911633,16.768355498711472,9,4,Fall,12.6,0.0,2020,262
2020-09-19,11.67193084027301,13.8,0.0,16.069914080855156,14.970062026748167,9,5,Fall,13.8,0.0,2020,263
2020-09-20,6.371543744627268,13.6,0.0,11.67193084027301,11.371129555251812,9,6,Fall,13.6,0.0,2020,264
2020-09-21,4.88519694965685,12.2,0.0,6.371543744627268,7.642890511519043,9,0,Fall,12.2,0.0,2020,265
2020-09-22,5.551984959321353,10.4,0.0,4.88519694965685,5.602908551201824,9,1,Fall,10.4,0.0,2020,266
2020-09-23,6.81898109564001,12.0,0.0,5.551984959321353,5.752054334872738,9,2,Fall,12.0,0.0,2020,267
2020-09-24,6.322576040053532,13.6,0.2,6.81898109564001,6.2311806983382985,9,3,Fall,13.6,0.2,2020,268
2020-09-25,5.3104250293389725,9.5,0.0,6.322576040053532,6.150660721677505,9,4,Fall,9.5,0.0,2020,269
2020-09-26,6.477608149081474,10.8,0.0,5.3104250293389725,6.036869739491326,9,5,Fall,10.8,0.0,2020,270
2020-09-27,4.897897912277341,10.7,0.0,6.477608149081474,5.561977030232595,9,6,Fall,10.7,0.0,2020,271
2020-09-28,4.794172819735074,14.4,0.0,4.897897912277341,5.389892960364629,9,0,Fall,14.4,0.0,2020,272
2020-09-29,4.316100156517777,12.6,0.0,4.794172819735074,4.669390296176731,9,1,Fall,12.6,0.0,2020,273
2020-09-30,4.190916561826173,9.8,0.0,4.316100156517777,4.433729846026341,9,2,Fall,9.8,0.0,2020,274
2020-10-01,6.006602453837052,13.0,0.0,4.190916561826173,4.837873057393668,10,3,Fall,13.0,0.0,2020,275
2020-10-02,7.558867008595269,12.2,0.0,6.006602453837052,5.918795341419497,10,4,Fall,12.2,0.0,2020,276
2020-10-03,7.383253079993059,12.4,0.0,7.558867008595269,6.982907514141793,10,5,Fall,12.4,0.0,2020,277
2020-10-04,7.002074747314715,16.2,0.0,7.383253079993059,7.314731611967681,10,6,Fall,16.2,0.0,2020,278
2020-10-05,5.726852747265504,13.3,0.1,7.002074747314715,6.704060191524427,10,0,Fall,13.3,0.1,2020,279
2020-10-06,5.745971766885142,11.0,0.0,5.726852747265504,6.158299753821787,10,1,Fall,11.0,0.0,2020,280
2020-10-07,5.3525723145235675,10.1,0.1,5.745971766885142,5.6084656095580705,10,2,Fall,10.1,0.1,2020,281
2020-10-08,4.043080630504017,10.9,0.0,5.3525723145235675,5.047208237304242,10,3,Fall,10.9,0.0,2020,282
2020-10-09,4.235438811125309,7.5,0.0,4.043080630504017,4.543697252050965,10,4,Fall,7.5,0.0,2020,283
2020-10-10,6.275695115494155,15.2,0.1,4.235438811125309,4.851404852374494,10,5,Fall,15.2,0.1,2020,284
2020-10-11,2.7129514181894048,6.6,0.2,6.275695115494155,4.408028448269623,10,6,Fall,6.6,0.2,2020,285
2020-10-12,3.337496439689591,2.7,1.7,2.7129514181894048,4.108714324457718,10,0,Fall,2.7,1.7,2020,286
2020-10-13,3.622664222907358,-0.6,0.0,3.337496439689591,3.2243706935954513,10,1,Fall,-0.6,0.0,2020,287
2020-10-14,4.1989822569692326,1.3,4.6,3.622664222907358,3.7197143065220604,10,2,Fall,1.3,4.6,2020,288
2020-10-15,4.785721051709287,0.1,0.0,4.1989822569692326,4.202455843861959,10,3,Fall,0.1,0.0,2020,289
2020-10-16,3.853892499265436,-0.3,3.2,4.785721051709287,4.279531935981319,10,4,Fall,-0.3,3.2,2020,290
2020-10-17,4.487365301621752,-6.0,0.0,3.853892499265436,4.3756596175321585,10,5,Fall,-6.0,0.0,2020,291
2020-10-18,4.614556704654247,-7.6,0.0,4.487365301621752,4.318604835180478,10,6,Fall,-7.6,0.0,2020,292
2020-10-19,5.3413689081148314,-4.4,1.5,4.614556704654247,4.814430304796943,10,0,Fall,-4.4,1.5,2020,293
2020-10-20,5.089991102037687,-1.5,0.0,5.3413689081148314,5.015305571602256,10,1,Fall,-1.5,0.0,2020,294
2020-10-21,4.709306973943304,-5.9,1.2,5.089991102037687,5.046888994698608,10,2,Fall,-5.9,1.2,2020,295
2020-10-22,5.051383081274386,-9.0,0.1,4.709306973943304,4.95022705241846,10,3,Fall,-9.0,0.1,2020,296
2020-10-23,5.455425652873224,-10.4,3.1,5.051383081274386,5.072038569363638,10,4,Fall,-10.4,3.1,2020,297
2020-10-24,4.1946039500096175,-13.4,0.0,5.455425652873224,4.900470894719075,10,5,Fall,-13.4,0.0,2020,298
2020-10-25,4.887935229487861,-10.9,0.0,4.1946039500096175,4.845988277456901,10,6,Fall,-10.9,0.0,2020,299
2020-10-26,5.869288864191787,-1.2,0.0,4.887935229487861,4.983942681229755,10,0,Fall,-1.2,0.0,2020,300
2020-10-27,4.710950894389109,8.3,0.0,5.869288864191787,5.156058329356252,10,1,Fall,8.3,0.0,2020,301
2020-10-28,5.701572530544894,2.1,3.1,4.710950894389109,5.427270763041929,10,2,Fall,2.1,3.1,2020,302
2020-10-29,5.847572888506902,2.4,0.0,5.701572530544894,5.420032104480302,10,3,Fall,2.4,0.0,2020,303
2020-10-30,4.487542248059029,5.2,0.1,5.847572888506902,5.345562555703609,10,4,Fall,5.2,0.1,2020,304
2020-10-31,6.933371219762524,1.7,0.0,4.487542248059029,5.756162118776152,10,5,Fall,1.7,0.0,2020,305
2020-11-01,6.371204720739045,8.5,0.0,6.933371219762524,5.930706062853532,11,6,Fall,8.5,0.0,2020,306
2020-11-02,5.179632373219206,13.0,0.0,6.371204720739045,6.161402771240258,11,0,Fall,13.0,0.0,2020,307
2020-11-03,5.752689577446242,,,5.179632373219206,5.767842223801498,11,1,Fall,,,2020,308
2020-11-04,5.884718938871113,8.8,0.0,5.752689577446242,5.605680296512188,11,2,Fall,8.8,0.0,2020,309
2020-11-05,6.77669063784713,6.9,0.8,5.884718938871113,6.138033051388162,11,3,Fall,6.9,0.8,2020,310
2020-11-06,9.08076373233558,0.1,0.0,6.77669063784713,7.24739110301794,11,4,Fall,0.1,0.0,2020,311
2020-11-07,9.92524154589372,-3.8,0.5,9.08076373233558,8.594231972025476,11,5,Fall,-3.8,0.5,2020,312
2020-11-08,9.708098131069146,-9.3,0.0,9.92524154589372,9.571367803099482,11,6,Fall,-9.3,0.0,2020,313
2020-11-09,10.56901850285655,-5.8,0.0,9.708098131069146,10.067452726606474,11,0,Fall,-5.8,0.0,2020,314
2020-11-10,8.018451796212094,-2.1,6.4,10.56901850285655,9.431856143379264,11,1,Fall,-2.1,6.4,2020,315
2020-11-11,6.085292870971395,-10.4,0.0,8.018451796212094,8.224254390013346,11,2,Fall,-10.4,0.0,2020,316
2020-11-12,5.265237083293433,-6.1,0.0,6.085292870971395,6.456327250158974,11,3,Fall,-6.1,0.0,2020,317
2020-11-13,6.5783541561122485,-3.3,0.0,5.265237083293433,5.9762947034590255,11,4,Fall,-3.3,0.0,2020,318
2020-11-14,6.543455915810607,-3.1,0.0,6.5783541561122485,6.129015718405429,11,5,Fall,-3.1,0.0,2020,319
2020-11-15,6.1945091599222035,-3.2,0.0,6.543455915810607,6.438773077281685,11,6,Fall,-3.2,0.0,2020,320
2020-11-16,6.284579189731364,-0.8,0.0,6.1945091599222035,6.340848088488059,11,0,Fall,-0.8,0.0,2020,321
2020-11-17,5.160153164381638,1.5,0.2,6.284579189731364,5.879747171345069,11,1,Fall,1.5,0.2,2020,322
2020-11-18,5.400531332039275,-2.3,0.5,5.160153164381638,5.615087895384093,11,2,Fall,-2.3,0.5,2020,323
2020-11-19,5.7891978235174975,-10.2,1.9,5.400531332039275,5.449960773312803,11,3,Fall,-10.2,1.9,2020,324
2020-11-20,9.061712240281048,-4.9,0.0,5.7891978235174975,6.750480465279274,11,4,Fall,-4.9,0.0,2020,325
2020-11-21,6.064570337488249,-1.1,0.0,9.061712240281048,6.971826800428931,11,5,Fall,-1.1,0.0,2020,326
2020-11-22,5.991546729781742,-5.4,0.0,6.064570337488249,7.039276435850347,11,6,Fall,-5.4,0.0,2020,327
2020-11-23,6.681703669032045,-2.6,0.0,5.991546729781742,6.245940245434011,11,0,Fall,-2.6,0.0,2020,328
2020-11-24,5.414794281279835,-0.5,0.0,6.681703669032045,6.0293482266978735,11,1,Fall,-0.5,0.0,2020,329
2020-11-25,6.516150913296498,-2.9,0.0,5.414794281279835,6.20421628786946,11,2,Fall,-2.9,0.0,2020,330
2020-11-26,6.665718132834686,0.0,0.0,6.516150913296498,6.198887775803673,11,3,Fall,0.0,0.0,2020,331
2020-11-27,6.0113099667304475,4.7,0.0,6.665718132834686,6.3977263376205435,11,4,Fall,4.7,0.0,2020,332
2020-11-28,6.359896264751656,0.3,0.0,6.0113099667304475,6.345641454772263,11,5,Fall,0.3,0.0,2020,333
2020-11-29,6.303488098761992,-1.0,0.0,6.359896264751656,6.224898110081365,11,6,Fall,-1.0,0.0,2020,334
2020-11-30,5.743808559158485,2.3,0.0,6.303488098761992,6.135730974224045,11,0,Fall,2.3,0.0,2020,335
2020-12-01,4.51695889885745,-1.5,0.0,5.743808559158485,5.521418518925976,12,1,Winter,-1.5,0.0,2020,336
2020-12-02,4.851766910138763,1.8,0.0,4.51695889885745,5.037511456051566,12,2,Winter,1.8,0.0,2020,337
2020-12-03,7.408149517364317,4.6,0.0,4.851766910138763,5.592291775453511,12,3,Winter,4.6,0.0,2020,338
2020-12-04,9.386295229730012,5.2,0.0,7.408149517364317,7.215403885744364,12,4,Winter,5.2,0.0,2020,339
2020-12-05,6.497259383128949,3.6,0.0,9.386295229730012,7.763901376741092,12,5,Winter,3.6,0.0,2020,340
2020-12-06,4.58959700945769,4.7,0.0,6.497259383128949,6.82438387410555,12,6,Winter,4.7,0.0,2020,341
2020-12-07,3.558883847331327,7.4,0.0,4.58959700945769,4.8819134133059885,12,0,Winter,7.4,0.0,2020,342
2020-12-08,4.444950452693815,5.0,0.0,3.558883847331327,4.197810436494278,12,1,Winter,5.0,0.0,2020,343
2020-12-09,7.618030139027851,-3.7,4.9,4.444950452693815,5.207288146350998,12,2,Winter,-3.7,4.9,2020,344
2020-12-10,6.17055311378504,-6.9,0.0,7.618030139027851,6.077844568502235,12,3,Winter,-6.9,0.0,2020,345
2020-12-11,10.171569372325127,-10.0,0.1,6.17055311378504,7.986717541712672,12,4,Winter,-10.0,0.1,2020,346
2020-12-12,6.989478732643694,-9.4,0.0,10.171569372325127,7.7772004062512865,12,5,Winter,-9.4,0.0,2020,347
2020-12-13,4.026186085847383,-15.5,0.0,6.989478732643694,7.062411396938734,12,6,Winter,-15.5,0.0,2020,348
2020-12-14,5.6614349898304965,-9.0,0.0,4.026186085847383,5.559033269440524,12,0,Winter,-9.0,0.0,2020,349
2020-12-15,5.587592240805226,-2.9,0.0,5.6614349898304965,5.091737772161035,12,1,Winter,-2.9,0.0,2020,350
2020-12-16,6.480747545246683,0.5,0.0,5.587592240805226,5.909924925294135,12,2,Winter,0.5,0.0,2020,351
2020-12-17,6.5471304143301845,-2.0,0.0,6.480747545246683,6.205156733460697,12,3,Winter,-2.0,0.0,2020,352
2020-12-18,6.9275978328883285,-3.3,0.0,6.5471304143301845,6.651825264155065,12,4,Winter,-3.3,0.0,2020,353
2020-12-19,7.901401345812886,2.0,0.0,6.9275978328883285,7.125376531010466,12,5,Winter,2.0,0.0,2020,354
2020-12-20,7.229046259698434,1.1,0.0,7.901401345812886,7.352681812799882,12,6,Winter,1.1,0.0,2020,355
2020-12-21,9.714621173370535,-0.1,8.7,7.229046259698434,8.281689592960618,12,0,Winter,-0.1,8.7,2020,356
2020-12-22,8.069172811255191,-10.4,8.1,9.714621173370535,8.33761341477472,12,1,Winter,-10.4,8.1,2020,357
2020-12-23,4.782520763619263,-7.8,0.0,8.069172811255191,7.522104916081662,12,2,Winter,-7.8,0.0,2020,358
2020-12-24,5.570975516723881,4.1,0.0,4.782520763619263,6.140889697199444,12,3,Winter,4.1,0.0,2020,359
2020-12-25,4.395298952255474,-1.3,0.0,5.570975516723881,4.916265077532873,12,4,Winter,-1.3,0.0,2020,360
2020-12-26,5.562470100968937,-6.3,1.6,4.395298952255474,5.176248189982763,12,5,Winter,-6.3,1.6,2020,361
2020-12-27,6.439926624684863,-10.1,1.6,5.562470100968937,5.465898559303091,12,6,Winter,-10.1,1.6,2020,362
2020-12-28,6.128067450681508,-8.7,0.0,6.439926624684863,6.043488058778435,12,0,Winter,-8.7,0.0,2020,363
2020-12-29,4.656156457786892,-11.1,0.0,6.128067450681508,5.741383511051087,12,1,Winter,-11.1,0.0,2020,364
2020-12-30,5.364169773780758,-5.0,0.0,4.656156457786892,5.382797894083052,12,2,Winter,-5.0,0.0,2020,365
2020-12-31,6.913080428564706,-5.4,0.0,5.364169773780758,5.6444688867107855,12,3,Winter,-5.4,0.0,2020,366
2021-01-01,7.163486418749577,-0.9,0.0,6.913080428564706,6.480245540365012,1,4,Winter,-0.9,0.0,2021,1
2021-01-02,5.268380990612648,-0.1,0.4,7.163486418749577,6.448315945975644,1,5,Winter,-0.1,0.4,2021,2
2021-01-03,5.964528497041846,-0.9,0.0,5.268380990612648,6.132131968801357,1,6,Winter,-0.9,0.0,2021,3
2021-01-04,7.260104089147568,-2.7,0.0,5.964528497041846,6.16433785893402,1,0,Winter,-2.7,0.0,2021,4
2021-01-05,6.581703793506862,-0.3,0.0,7.260104089147568,6.602112126565424,1,1,Winter,-0.3,0.0,2021,5
2021-01-06,5.106910408432148,-2.2,0.0,6.581703793506862,6.316239430362192,1,2,Winter,-2.2,0.0,2021,6
2021-01-07,4.9991931189414025,-3.2,0.0,5.106910408432148,5.56260244029347,1,3,Winter,-3.2,0.0,2021,7
2021-01-08,6.63124247969939,-8.7,0.0,4.9991931189414025,5.57911533569098,1,4,Winter,-8.7,0.0,2021,8
2021-01-09,6.421481481481481,-7.5,0.0,6.63124247969939,6.017305693374091,1,5,Winter,-7.5,0.0,2021,9
2021-01-10,6.651124338624339,-4.2,0.0,6.421481481481481,6.567949433268403,1,6,Winter,-4.2,0.0,2021,10
2021-01-11,8.47234055531157,2.5,0.0,6.651124338624339,7.181648791805796,1,0,Winter,2.5,0.0,2021,11
2021-01-12,8.333079533690947,2.5,0.0,8.47234055531157,7.818848142542284,1,1,Winter,2.5,0.0,2021,12
2021-01-13,8.871409454957812,2.1,0.0,8.333079533690947,8.558943181320108,1,2,Winter,2.1,0.0,2021,13
2021-01-14,10.649063719236779,-3.0,0.0,8.871409454957812,9.284517569295177,1,3,Winter,-3.0,0.0,2021,14
2021-01-15,9.534047741762237,0.3,0.0,10.649063719236779,9.684840305318941,1,4,Winter,0.3,0.0,2021,15
2021-01-16,6.08774142984028,1.5,0.0,9.534047741762237,8.756950963613098,1,5,Winter,1.5,0.0,2021,16
2021-01-17,5.0712544900683385,1.4,0.0,6.08774142984028,6.897681220556951,1,6,Winter,1.4,0.0,2021,17
2021-01-18,4.6099657249453445,-3.0,0.0,5.0712544900683385,5.256320548284654,1,0,Winter,-3.0,0.0,2021,18
2021-01-19,5.4335442582599,-1.6,0.0,4.6099657249453445,5.038254824424527,1,1,Winter,-1.6,0.0,2021,19
2021-01-20,5.940663667089838,-3.7,0.0,5.4335442582599,5.328057883431694,1,2,Winter,-3.7,0.0,2021,20
2021-01-21,5.8981068202238305,-7.0,0.0,5.940663667089838,5.757438248524522,1,3,Winter,-7.0,0.0,2021,21
2021-01-22,5.761965403815185,-8.5,0.0,5.8981068202238305,5.866911963709618,1,4,Winter,-8.5,0.0,2021,22
2021-01-23,4.7545310402843155,-9.2,0.0,5.761965403815185,5.47153442144111,1,5,Winter,-9.2,0.0,2021,23
2021-01-24,4.502215417059272,-14.9,,4.7545310402843155,5.006237287052923,1,6,Winter,-14.9,,2021,24
2021-01-25,6.418491920438882,-16.0,0.0,4.502215417059272,5.225079459260822,1,0,Winter,-16.0,0.0,2021,25
2021-01-26,7.06555218561579,-15.2,0.0,6.418491920438882,5.9954198410379815,1,1,Winter,-15.2,0.0,2021,26
2021-01-27,6.262589536910783,-13.2,0.3,7.06555218561579,6.582211214321817,1,2,Winter,-13.2,0.3,2021,27
2021-01-28,5.899504096857779,-14.7,0.0,6.262589536910783,6.409215273128116,1,3,Winter,-14.7,0.0,2021,28
2021-01-29,7.4559099770226895,-11.5,0.0,5.899504096857779,6.539334536930416,1,4,Winter,-11.5,0.0,2021,29
2021-01-30,8.814729821094238,-9.4,0.0,7.4559099770226895,7.390047964991569,1,5,Winter,-9.4,0.0,2021,30
2021-01-31,9.031711566465571,-4.1,0.0,8.814729821094238,8.4341171215275,1,6,Winter,-4.1,0.0,2021,31
2021-02-01,8.986334864777692,-0.4,0.0,9.031711566465571,8.944258750779168,2,0,Winter,-0.4,0.0,2021,32
2021-02-02,5.826802152367083,-10.9,2.9,8.986334864777692,7.948282861203448,2,1,Winter,-10.9,2.9,2021,33
2021-02-03,4.762445376135282,-16.2,3.7,5.826802152367083,6.525194131093351,2,2,Winter,-16.2,3.7,2021,34
2021-02-04,6.222262023579939,-11.4,0.0,4.762445376135282,5.603836517360768,2,3,Winter,-11.4,0.0,2021,35
2021-02-05,6.098401773902876,-14.2,2.0,6.222262023579939,5.6943697245393645,2,4,Winter,-14.2,2.0,2021,36
2021-02-06,5.853078243565695,-22.2,2.3,6.098401773902876,6.0579140136828356,2,5,Winter,-22.2,2.3,2021,37
2021-02-07,7.8429404607858135,-27.2,0.1,5.853078243565695,6.598140159418128,2,6,Winter,-27.2,0.1,2021,38
2021-02-08,6.168915376738075,-27.9,0.0,7.8429404607858135,6.621644693696527,2,0,Winter,-27.9,0.0,2021,39
2021-02-09,8.383596330988674,-28.0,0.0,6.168915376738075,7.465150722837521,2,1,Winter,-28.0,0.0,2021,40
2021-02-10,8.030498306041784,-29.2,0.0,8.383596330988674,7.52767000458951,2,2,Winter,-29.2,0.0,2021,41
2021-02-11,6.249868171352396,-29.5,0.0,8.030498306041784,7.554654269460951,2,3,Winter,-29.5,0.0,2021,42
2021-02-12,6.04287840664395,-23.8,0.0,6.249868171352396,6.774414961346042,2,4,Winter,-23.8,0.0,2021,43
2021-02-13,7.0057211689810766,-23.0,0.0,6.04287840664395,6.432822582325806,2,5,Winter,-23.0,0.0,2021,44
2021-02-14,7.342982190952564,-24.8,0.0,7.0057211689810766,6.7971939221925295,2,6,Winter,-24.8,0.0,2021,45
2021-02-15,8.024843534003404,-20.2,0.0,7.342982190952564,7.457848964645681,2,0,Winter,-20.2,0.0,2021,46
2021-02-16,7.217444914301119,-13.9,1.3,8.024843534003404,7.528423546419028,2,1,Winter,-13.9,1.3,2021,47
2021-02-17,7.168772635365312,-10.1,0.1,7.217444914301119,7.470353694556611,2,2,Winter,-10.1,0.1,2021,48
2021-02-18,7.63353339137626,-10.6,0.0,7.168772635365312,7.339916980347563,2,3,Winter,-10.6,0.0,2021,49
2021-02-19,7.630538806477022,-1.7,0.0,7.63353339137626,7.477614944406198,2,4,Winter,-1.7,0.0,2021,50
2021-02-20,5.9708111132024175,-2.3,0.0,7.630538806477022,7.078294437018566,2,5,Winter,-2.3,0.0,2021,51
2021-02-21,6.659321719611575,2.8,0.0,5.9708111132024175,6.753557213097004,2,6,Winter,2.8,0.0,2021,52
2021-02-22,6.0788973691365,3.0,1.6,6.659321719611575,6.2363434006501635,2,0,Winter,3.0,1.6,2021,53
2021-02-23,7.54561225435863,-2.6,0.7,6.0788973691365,6.761277114368902,2,1,Winter,-2.6,0.7,2021,54
2021-02-24,5.903536083005477,-5.2,0.0,7.54561225435863,6.509348568833535,2,2,Winter,-5.2,0.0,2021,55
2021-02-25,3.8945615523085437,-0.4,0.0,5.903536083005477,5.781236629890883,2,3,Winter,-0.4,0.0,2021,56
2021-02-26,5.50148734993436,-6.7,1.8,3.8945615523085437,5.099861661749459,2,4,Winter,-6.7,1.8,2021,57
2021-02-27,7.516654735928782,-10.9,0.0,5.50148734993436,5.637567879390562,2,5,Winter,-10.9,0.0,2021,58
2021-02-28,7.6357868608154655,-0.9,0.0,7.516654735928782,6.884642982226201,2,6,Winter,-0.9,0.0,2021,59
2021-03-01,4.670259888937994,4.8,0.0,7.6357868608154655,6.607567161894079,3,0,Spring,4.8,0.0,2021,60
2021-03-02,4.01296030296793,-0.1,0.0,4.670259888937994,5.439669017573796,3,1,Spring,-0.1,0.0,2021,61
2021-03-03,7.338794811402821,2.0,0.0,4.01296030296793,5.340671667769581,3,2,Spring,2.0,0.0,2021,62
2021-03-04,6.1032007584471355,1.8,0.0,7.338794811402821,5.818318624272628,3,3,Spring,1.8,0.0,2021,63
2021-03-05,5.314240144718406,4.6,0.0,6.1032007584471355,6.252078571522787,3,4,Spring,4.6,0.0,2021,64
2021-03-06,4.62570278352887,1.0,0.0,5.314240144718406,5.34771456223147,3,5,Spring,1.0,0.0,2021,65
2021-03-07,4.719866806653491,0.6,0.0,4.62570278352887,4.8866032449669214,3,6,Spring,0.6,0.0,2021,66
2021-03-08,6.555976852280719,0.2,0.0,4.719866806653491,5.300515480821026,3,0,Spring,0.2,0.0,2021,67
2021-03-09,8.029350388494564,-0.1,0.0,6.555976852280719,6.435064682476258,3,1,Spring,-0.1,0.0,2021,68
2021-03-10,8.163595769454322,-6.2,0.0,8.029350388494564,7.582974336743201,3,2,Spring,-6.2,0.0,2021,69
2021-03-11,8.753359820168205,-4.2,0.0,8.163595769454322,8.31543532603903,3,3,Spring,-4.2,0.0,2021,70
2021-03-12,5.599904246388471,5.4,0.0,8.753359820168205,7.505619945336999,3,4,Spring,5.4,0.0,2021,71
2021-03-13,5.3447619047619055,5.5,0.0,5.599904246388471,6.566008657106194,3,5,Spring,5.5,0.0,2021,72
2021-03-14,4.6708061604966975,8.3,0.0,5.3447619047619055,5.205157437215692,3,6,Spring,8.3,0.0,2021,73
2021-03-15,4.60558099422364,1.9,0.0,4.6708061604966975,4.873716353160748,3,0,Spring,1.9,0.0,2021,74
2021-03-16,6.6935875387830555,1.1,0.0,4.60558099422364,5.323324897834464,3,1,Spring,1.1,0.0,2021,75
2021-03-17,9.532217909637533,2.4,0.0,6.6935875387830555,6.94379548088141,3,2,Spring,2.4,0.0,2021,76
2021-03-18,6.9323806882051855,5.6,0.0,9.532217909637533,7.719395378875258,3,3,Spring,5.6,0.0,2021,77
2021-03-19,4.784372178290967,8.0,0.0,6.9323806882051855,7.082990258711228,3,4,Spring,8.0,0.0,2021,78
2021-03-20,5.338313735663678,4.4,0.0,4.784372178290967,5.685022200719943,3,5,Spring,4.4,0.0,2021,79
2021-03-21,5.911772088691095,2.2,0.0,5.338313735663678,5.344819334215248,3,6,Spring,2.2,0.0,2021,80
2021-03-22,6.7965409319340555,2.5,0.0,5.911772088691095,6.015542252096277,3,0,Spring,2.5,0.0,2021,81
2021-03-23,7.6551505428134865,-0.5,0.0,6.7965409319340555,6.787821187812878,3,1,Spring,-0.5,0.0,2021,82
2021-03-24,6.593964019763675,3.7,1.6,7.6551505428134865,7.015218498170405,3,2,Spring,3.7,1.6,2021,83
2021-03-25,5.799279093504337,-3.8,1.7,6.593964019763675,6.6827978853604995,3,3,Spring,-3.8,1.7,2021,84
2021-03-26,5.199685599254647,-1.2,0.6,5.799279093504337,5.864309570840885,3,4,Spring,-1.2,0.6,2021,85
2021-03-27,5.740315473576343,5.2,0.0,5.199685599254647,5.579760055445109,3,5,Spring,5.2,0.0,2021,86
2021-03-28,3.9173420161348553,6.1,0.3,5.740315473576343,4.952447696321949,3,6,Spring,6.1,0.3,2021,87
2021-03-29,3.51967108522181,-6.5,0.0,3.9173420161348553,4.392442858311003,3,0,Spring,-6.5,0.0,2021,88
2021-03-30,5.726548495561843,-3.1,0.0,3.51967108522181,4.387853865639503,3,1,Spring,-3.1,0.0,2021,89
2021-03-31,6.727685132902524,4.1,0.0,5.726548495561843,5.32463490456206,3,2,Spring,4.1,0.0,2021,90
2021-04-01,5.425004967822562,8.2,0.0,6.727685132902524,5.95974619876231,4,3,Spring,8.2,0.0,2021,91
2021-04-02,4.369101023703756,3.7,0.0,5.425004967822562,5.507263708142947,4,4,Spring,3.7,0.0,2021,92
2021-04-03,5.8626683339746055,6.1,0.0,4.369101023703756,5.2189247751669745,4,5,Spring,6.1,0.0,2021,93
2021-04-04,6.371306282284544,0.8,0.5,5.8626683339746055,5.534358546654301,4,6,Spring,0.8,0.5,2021,94
2021-04-05,6.20119654097915,2.9,0.0,6.371306282284544,6.145057052412766,4,0,Spring,2.9,0.0,2021,95
2021-04-06,6.342656369734173,6.8,0.0,6.20119654097915,6.305053064332623,4,1,Spring,6.8,0.0,2021,96
2021-04-07,5.876483784378925,,,6.342656369734173,6.140112231697415,4,2,Spring,,,2021,97
2021-04-08,5.202367834259138,2.3,0.0,5.876483784378925,5.807169329457412,4,3,Spring,2.3,0.0,2021,98
2021-04-09,5.18799943186175,3.1,0.0,5.202367834259138,5.422283683499938,4,4,Spring,3.1,0.0,2021,99
2021-04-10,5.248294685990339,1.1,0.0,5.18799943186175,5.212887317370409,4,5,Spring,1.1,0.0,2021,100
2021-04-11,4.537098889292213,0.2,0.0,5.248294685990339,4.991131002381434,4,6,Spring,0.2,0.0,2021,101
2021-04-12,4.563330920809563,-0.4,0.0,4.537098889292213,4.782908165364038,4,0,Spring,-0.4,0.0,2021,102
2021-04-13,5.891423501844936,-1.2,0.0,4.563330920809563,4.997284437315571,4,1,Spring,-1.2,0.0,2021,103
2021-04-14,6.2327333375159455,3.0,0.0,5.891423501844936,5.562495920056815,4,2,Spring,3.0,0.0,2021,104
2021-04-15,6.167716847564673,4.8,0.0,6.2327333375159455,6.097291228975185,4,3,Spring,4.8,0.0,2021,105
2021-04-16,6.371522534474631,6.6,0.0,6.167716847564673,6.257324239851751,4,4,Spring,6.6,0.0,2021,106
2021-04-17,6.32985802696329,9.1,0.0,6.371522534474631,6.289699136334199,4,5,Spring,9.1,0.0,2021,107
2021-04-18,5.476169398875247,2.9,7.0,6.32985802696329,6.059183320104389,4,6,Spring,2.9,7.0,2021,108
2021-04-19,5.215101466253224,0.5,0.0,5.476169398875247,5.673709630697253,4,0,Spring,0.5,0.0,2021,109
2021-04-20,4.8845701237676025,2.2,0.0,5.215101466253224,5.19194699629869,4,1,Spring,2.2,0.0,2021,110
2021-04-21,4.769818661196567,8.7,0.0,4.8845701237676025,4.9564967504057975,4,2,Spring,8.7,0.0,2021,111
2021-04-22,4.005731308211676,2.0,0.7,4.769818661196567,4.553373364391948,4,3,Spring,2.0,0.7,2021,112
2021-04-23,6.385932062574469,-1.6,0.1,4.005731308211676,5.053827343994237,4,4,Spring,-1.6,0.1,2021,113
2021-04-24,6.9639224543572364,0.1,0.0,6.385932062574469,5.785195275047794,4,5,Spring,0.1,0.0,2021,114
2021-04-25,6.369410021540457,0.9,3.4,6.9639224543572364,6.573088179490721,4,6,Spring,0.9,3.4,2021,115
2021-04-26,4.465270063206282,4.5,0.0,6.369410021540457,5.932867513034658,4,0,Spring,4.5,0.0,2021,116
2021-04-27,4.815298653687901,7.0,0.0,4.465270063206282,5.216659579478214,4,1,Spring,7.0,0.0,2021,117
2021-04-28,5.666490432520332,7.2,0.0,4.815298653687901,4.982353049804838,4,2,Spring,7.2,0.0,2021,118
2021-04-29,5.167256214704022,10.8,0.0,5.666490432520332,5.216348433637418,4,3,Spring,10.8,0.0,2021,119
2021-04-30,3.3901660253173374,14.0,0.0,5.167256214704022,4.741304224180564,4,4,Spring,14.0,0.0,2021,120
2021-05-01,3.0574682372470154,7.0,0.0,3.3901660253173374,3.871630159089458,5,5,Spring,7.0,0.0,2021,121
2021-05-02,4.340585742228148,5.3,0.0,3.0574682372470154,3.5960733349308334,5,6,Spring,5.3,0.0,2021,122
2021-05-03,4.292737118273414,5.4,0.1,4.340585742228148,3.8969303659161922,5,0,Spring,5.4,0.1,2021,123
2021-05-04,4.515670460867741,6.6,1.8,4.292737118273414,4.382997773789768,5,1,Spring,6.6,1.8,2021,124
2021-05-05,3.81150871838404,7.1,0.0,4.515670460867741,4.206638765841732,5,2,Spring,7.1,0.0,2021,125
2021-05-06,3.89666308172088,10.8,0.0,3.81150871838404,4.074614086990888,5,3,Spring,10.8,0.0,2021,126
2021-05-07,3.717974233309965,10.9,0.0,3.89666308172088,3.808715344471628,5,4,Spring,10.9,0.0,2021,127
2021-05-08,3.6319182612878267,3.0,6.8,3.717974233309965,3.7488518587728907,5,5,Spring,3.0,6.8,2021,128
2021-05-09,4.1101959077387376,1.6,4.2,3.6319182612878267,3.8200294674455098,5,6,Spring,1.6,4.2,2021,129
2021-05-10,4.201530136501873,5.0,0.0,4.1101959077387376,3.981214768509479,5,0,Spring,5.0,0.0,2021,130
2021-05-11,3.7139441865166503,8.3,0.0,4.201530136501873,4.008556743585754,5,1,Spring,8.3,0.0,2021,131
2021-05-12,3.9985823597504413,8.2,0.0,3.7139441865166503,3.971352227589655,5,2,Spring,8.2,0.0,2021,132
2021-05-13,4.92111253224004,11.3,0.0,3.9985823597504413,4.211213026169044,5,3,Spring,11.3,0.0,2021,133
2021-05-14,5.7564022292956505,10.7,0.0,4.92111253224004,4.892032373762044,5,4,Spring,10.7,0.0,2021,134
2021-05-15,6.2206931607675315,12.4,0.0,5.7564022292956505,5.632735974101074,5,5,Spring,12.4,0.0,2021,135
2021-05-16,6.353542503958105,16.7,0.0,6.2206931607675315,6.110212631340429,5,6,Spring,16.7,0.0,2021,136
2021-05-17,6.571191233035354,18.6,0.0,6.353542503958105,6.381808965920331,5,0,Spring,18.6,0.0,2021,137
2021-05-18,5.7402614982405415,11.4,0.0,6.571191233035354,6.221665078411334,5,1,Spring,11.4,0.0,2021,138
2021-05-19,5.891681026256571,4.2,0.0,5.7402614982405415,6.067711252510822,5,2,Spring,4.2,0.0,2021,139
2021-05-20,7.971601408232321,0.5,0.6,5.891681026256571,6.534514644243146,5,3,Spring,0.5,0.6,2021,140
2021-05-21,8.874439715615345,5.4,0.0,7.971601408232321,7.579240716701413,5,4,Spring,5.4,0.0,2021,141
2021-05-22,7.297158971718443,5.8,0.0,8.874439715615345,8.047733365188703,5,5,Spring,5.8,0.0,2021,142
2021-05-23,5.199754120148857,6.3,7.9,7.297158971718443,7.123784269160883,5,6,Spring,6.3,7.9,2021,143
2021-05-24,4.262958013384177,5.8,9.3,5.199754120148857,5.586623701750493,5,0,Spring,5.8,9.3,2021,144
2021-05-25,5.982493543648397,8.9,1.1,4.262958013384177,5.14840189239381,5,1,Spring,8.9,1.1,2021,145
2021-05-26,6.374014108323997,11.7,0.0,5.982493543648397,5.539821888452191,5,2,Spring,11.7,0.0,2021,146
2021-05-27,3.4808329824388897,13.1,0.0,6.374014108323997,5.279113544803761,5,3,Spring,13.1,0.0,2021,147
2021-05-28,3.097870323953878,11.2,2.0,3.4808329824388897,4.317572471572255,5,4,Spring,11.2,2.0,2021,148
2021-05-29,4.090266061127308,11.5,0.0,3.097870323953878,3.556323122506692,5,5,Spring,11.5,0.0,2021,149
2021-05-30,4.653883469687435,14.1,0.0,4.090266061127308,3.9473399515895404,5,6,Spring,14.1,0.0,2021,150
2021-05-31,5.243053525438657,16.0,0.0,4.653883469687435,4.662401018751133,5,0,Spring,16.0,0.0,2021,151
2021-06-01,5.645996934843307,19.0,0.0,5.243053525438657,5.180977976656465,6,1,Summer,19.0,0.0,2021,152
2021-06-02,6.872167267734082,20.4,0.0,5.645996934843307,5.9204059093386805,6,2,Summer,20.4,0.0,2021,153
2021-06-03,7.262461783168897,21.5,0.0,6.872167267734082,6.593541995248761,6,3,Summer,21.5,0.0,2021,154
2021-06-04,6.583146561315444,20.6,0.5,7.262461783168897,6.905925204072807,6,4,Summer,20.6,0.5,2021,155
2021-06-05,5.920030993714197,12.5,4.5,6.583146561315444,6.58854644606618,6,5,Summer,12.5,4.5,2021,156
2021-06-06,6.0017302580067105,10.6,2.1,5.920030993714197,6.16830260434545,6,6,Summer,10.6,2.1,2021,157
2021-06-07,6.719894618884275,8.4,0.2,6.0017302580067105,6.213885290201727,6,0,Summer,8.4,0.2,2021,158
2021-06-08,6.862005061198364,8.9,0.0,6.719894618884275,6.527876646029783,6,1,Summer,8.9,0.0,2021,159
2021-06-09,5.152601392589951,9.6,2.2,6.862005061198364,6.2448336908908635,6,2,Summer,9.6,2.2,2021,160
2021-06-10,4.0165187269422935,9.7,0.7,5.152601392589951,5.343708393576869,6,3,Summer,9.7,0.7,2021,161
2021-06-11,4.004210661403468,10.8,0.0,4.0165187269422935,4.391110260311904,6,4,Summer,10.8,0.0,2021,162
2021-06-12,4.826247562773517,12.4,0.0,4.004210661403468,4.282325650373092,6,5,Summer,12.4,0.0,2021,163
2021-06-13,5.378787775598417,16.7,0.0,4.826247562773517,4.736415333258467,6,6,Summer,16.7,0.0,2021,164
2021-06-14,5.117189886454761,22.3,0.0,5.378787775598417,5.107408408275565,6,0,Summer,22.3,0.0,2021,165
2021-06-15,4.605050177609706,20.0,0.0,5.117189886454761,5.033675946554294,6,1,Summer,20.0,0.0,2021,166
2021-06-16,3.312593014981459,15.6,0.0,4.605050177609706,4.344944359681975,6,2,Summer,15.6,0.0,2021,167
2021-06-17,3.9782789793158786,15.5,0.0,3.312593014981459,3.965307390635681,6,3,Summer,15.5,0.0,2021,168
2021-06-18,5.901101755104649,15.3,0.0,3.9782789793158786,4.397324583133995,6,4,Summer,15.3,0.0,2021,169
2021-06-19,5.775201391434229,13.4,1.4,5.901101755104649,5.218194041951585,6,5,Summer,13.4,1.4,2021,170
2021-06-20,5.786635266667827,15.4,0.0,5.775201391434229,5.820979471068902,6,6,Summer,15.4,0.0,2021,171
2021-06-21,6.5720526451564565,17.2,0.0,5.786635266667827,6.044629767752838,6,0,Summer,17.2,0.0,2021,172
2021-06-22,4.737523075146485,20.5,0.0,6.5720526451564565,5.6987369956569225,6,1,Summer,20.5,0.0,2021,173
2021-06-23,4.369117496779185,18.2,0.0,4.737523075146485,5.226231072360709,6,2,Summer,18.2,0.0,2021,174
2021-06-24,5.634873580525754,15.5,13.3,4.369117496779185,4.913838050817142,6,3,Summer,15.5,13.3,2021,175
2021-06-25,6.624874800225201,18.9,0.0,5.634873580525754,5.5429552925100465,6,4,Summer,18.9,0.0,2021,176
2021-06-26,7.163732600583779,22.2,0.0,6.624874800225201,6.474493660444911,6,5,Summer,22.2,0.0,2021,177
2021-06-27,8.7855231770847,23.0,0.0,7.163732600583779,7.524710192631226,6,6,Summer,23.0,0.0,2021,178
2021-06-28,10.514781734846817,24.6,0.0,8.7855231770847,8.821345837505099,6,0,Summer,24.6,0.0,2021,179
2021-06-29,10.46280370140496,26.1,0.0,10.514781734846817,9.921036204445493,6,1,Summer,26.1,0.0,2021,180
2021-06-30,7.523107691006561,25.2,0.0,10.46280370140496,9.500231042419445,6,2,Summer,25.2,0.0,2021,181
2021-07-01,6.837051923851146,26.8,0.0,7.523107691006561,8.274321105420889,7,3,Summer,26.8,0.0,2021,182
2021-07-02,6.566527176527176,22.6,23.2,6.837051923851146,6.97556226379496,7,4,Summer,22.6,23.2,2021,183
2021-07-03,6.0303949354298885,20.1,0.0,6.566527176527176,6.477991345269402,7,5,Summer,20.1,0.0,2021,184
2021-07-04,5.8766566581143245,15.9,10.6,6.0303949354298885,6.1578595900237945,7,6,Summer,15.9,10.6,2021,185
2021-07-05,7.158430445661847,15.2,0.4,5.8766566581143245,6.355160679735353,7,0,Summer,15.2,0.4,2021,186
2021-07-06,9.482872470018851,18.2,0.0,7.158430445661847,7.505986524598341,7,1,Summer,18.2,0.0,2021,187
2021-07-07,6.827237519937295,18.4,7.7,9.482872470018851,7.822846811872664,7,2,Summer,18.4,7.7,2021,188
2021-07-08,6.8566559477998865,19.7,9.1,6.827237519937295,7.722255312585344,7,3,Summer,19.7,9.1,2021,189
2021-07-09,7.776303159266116,19.6,0.0,6.8566559477998865,7.153398875667766,7,4,Summer,19.6,0.0,2021,190
2021-07-10,8.706959279361596,22.1,0.0,7.776303159266116,7.779972795475866,7,5,Summer,22.1,0.0,2021,191
2021-07-11,9.422046990115216,18.2,5.0,8.706959279361596,8.635103142914309,7,6,Summer,18.2,5.0,2021,192
2021-07-12,10.746693000617485,18.0,0.0,9.422046990115216,9.625233090031431,7,0,Summer,18.0,0.0,2021,193
2021-07-13,11.040633145870707,19.5,0.0,10.746693000617485,10.403124378867803,7,1,Summer,19.5,0.0,2021,194
2021-07-14,11.874236078835294,22.0,0.0,11.040633145870707,11.220520741774495,7,2,Summer,22.0,0.0,2021,195
2021-07-15,16.92956243627236,20.7,0.0,11.874236078835294,13.281477220326119,7,3,Summer,20.7,0.0,2021,196
2021-07-16,11.710007181077051,21.2,0.0,16.92956243627236,13.504601898728234,7,4,Summer,21.2,0.0,2021,197
2021-07-17,23.657644990668203,17.5,0.0,11.710007181077051,17.432404869339205,7,5,Summer,17.5,0.0,2021,198
2021-07-18,26.004847576230873,16.8,0.0,23.657644990668203,20.45749991599204,7,6,Summer,16.8,0.0,2021,199
2021-07-19,30.58483419522726,18.1,0.0,26.004847576230873,26.749108920708778,7,0,Summer,18.1,0.0,2021,200
2021-07-20,20.98355254367034,18.7,0.1,30.58483419522726,25.85774477170949,7,1,Summer,18.7,0.1,2021,201
2021-07-21,11.353974915787965,21.6,0.0,20.98355254367034,20.974120551561853,7,2,Summer,21.6,0.0,2021,202
2021-07-22,9.758428361747583,17.5,0.0,11.353974915787965,14.031985273735296,7,3,Summer,17.5,0.0,2021,203
2021-07-23,9.802392921141724,17.7,0.0,9.758428361747583,10.304932066225758,7,4,Summer,17.7,0.0,2021,204
2021-07-24,11.712827261616804,17.9,0.0,9.802392921141724,10.42454951483537,7,5,Summer,17.9,0.0,2021,205
2021-07-25,13.41356692751452,18.3,0.0,11.712827261616804,11.642929036757684,7,6,Summer,18.3,0.0,2021,206
2021-07-26,16.111616543325855,17.3,0.0,13.41356692751452,13.746003577485725,7,0,Summer,17.3,0.0,2021,207
2021-07-27,13.536482384796884,17.4,0.0,16.111616543325855,14.353888618545753,7,1,Summer,17.4,0.0,2021,208
2021-07-28,10.15871256310582,18.9,0.0,13.536482384796884,13.268937163742853,7,2,Summer,18.9,0.0,2021,209
2021-07-29,13.135557582379233,20.7,0.0,10.15871256310582,12.276917510093979,7,3,Summer,20.7,0.0,2021,210
2021-07-30,13.114752972718401,21.6,0.0,13.135557582379233,12.13634103940115,7,4,Summer,21.6,0.0,2021,211
2021-07-31,14.33173078612209,21.8,0.0,13.114752972718401,13.527347113739907,7,5,Summer,21.8,0.0,2021,212
2021-08-01,19.684202791525042,23.5,0.0,14.33173078612209,15.710228850121844,8,6,Summer,23.5,0.0,2021,213
2021-08-02,20.296960418540127,21.5,0.0,19.684202791525042,18.104297998729084,8,0,Summer,21.5,0.0,2021,214
2021-08-03,18.999564262940673,24.0,0.2,20.296960418540127,19.66024249100195,8,1,Summer,24.0,0.2,2021,215
2021-08-04,14.859308258199125,20.5,0.2,18.999564262940673,18.05194431322664,8,2,Summer,20.5,0.2,2021,216
2021-08-05,17.516105541397973,21.1,0.0,14.859308258199125,17.12499268751259,8,3,Summer,21.1,0.0,2021,217
2021-08-06,15.266386902318233,20.0,0.0,17.516105541397973,15.880600233971776,8,4,Summer,20.0,0.0,2021,218
2021-08-07,11.078212912947427,19.7,0.0,15.266386902318233,14.620235118887877,8,5,Summer,19.7,0.0,2021,219
2021-08-08,7.984983630574019,14.0,0.3,11.078212912947427,11.443194481946561,8,6,Summer,14.0,0.3,2021,220
2021-08-09,8.425202710333146,17.1,0.0,7.984983630574019,9.162799751284865,8,0,Summer,17.1,0.0,2021,221
2021-08-10,7.809001610305958,17.5,0.0,8.425202710333146,8.073062650404374,8,1,Summer,17.5,0.0,2021,222
2021-08-11,7.140257182783569,19.2,0.0,7.809001610305958,7.791487167807557,8,2,Summer,19.2,0.0,2021,223
2021-08-12,10.198665924623024,18.9,0.0,7.140257182783569,8.382641572570849,8,3,Summer,18.9,0.0,2021,224
2021-08-13,18.88598958103124,21.1,0.0,10.198665924623024,12.074970896145942,8,4,Summer,21.1,0.0,2021,225
2021-08-14,19.32808915291438,22.8,0.0,18.88598958103124,16.137581552856215,8,5,Summer,22.8,0.0,2021,226
2021-08-15,14.697964411513766,22.6,0.0,19.32808915291438,17.63734771515313,8,6,Summer,22.6,0.0,2021,227
2021-08-16,10.856883187361065,15.3,12.4,14.697964411513766,14.96097891726307,8,0,Summer,15.3,12.4,2021,228
2021-08-17,7.009965919042959,9.6,29.8,10.856883187361065,10.854937839305931,8,1,Summer,9.6,29.8,2021,229
2021-08-18,7.7730926550777815,12.2,0.0,7.009965919042959,8.546647253827269,8,2,Summer,12.2,0.0,2021,230
2021-08-19,7.414490038656403,10.8,1.1,7.7730926550777815,7.399182870925714,8,3,Summer,10.8,1.1,2021,231
2021-08-20,8.047444338270425,14.1,0.6,7.414490038656403,7.745009010668203,8,4,Summer,14.1,0.6,2021,232
2021-08-21,9.114131176631178,12.9,0.0,8.047444338270425,8.192021851186002,8,5,Summer,12.9,0.0,2021,233
2021-08-22,7.255224303050389,14.4,17.4,9.114131176631178,8.138933272650664,8,6,Summer,14.4,17.4,2021,234
2021-08-23,5.956038209978428,9.7,5.1,7.255224303050389,7.441797896553331,8,0,Summer,9.7,5.1,2021,235
2021-08-24,6.3178874274902395,11.5,0.0,5.956038209978428,6.509716646839685,8,1,Summer,11.5,0.0,2021,236
2021-08-25,7.858409334279751,12.9,0.0,6.3178874274902395,6.710778323916139,8,2,Summer,12.9,0.0,2021,237
2021-08-26,7.8338162518048104,13.9,1.4,7.858409334279751,7.336704337858268,8,3,Summer,13.9,1.4,2021,238
2021-08-27,5.384816336642424,14.7,1.2,7.8338162518048104,7.025680640908995,8,4,Summer,14.7,1.2,2021,239
2021-08-28,4.67847323016215,13.5,0.0,5.384816336642424,5.965701939536461,8,5,Summer,13.5,0.0,2021,240
2021-08-29,6.008110376045159,16.4,0.0,4.67847323016215,5.357133314283245,8,6,Summer,16.4,0.0,2021,241
2021-08-30,5.737324633088486,15.9,0.0,6.008110376045159,5.474636079765265,8,0,Summer,15.9,0.0,2021,242
2021-08-31,5.1644643639548296,13.2,0.5,5.737324633088486,5.636633124362824,8,1,Summer,13.2,0.5,2021,243
2021-09-01,4.433437108642162,10.2,0.0,5.1644643639548296,5.111742035228493,9,2,Fall,10.2,0.0,2021,244
2021-09-02,3.5647345903184204,10.6,0.0,4.433437108642162,4.387545354305137,9,3,Fall,10.6,0.0,2021,245
2021-09-03,4.364888868632288,13.2,0.0,3.5647345903184204,4.1210201891976235,9,4,Fall,13.2,0.0,2021,246
2021-09-04,5.353570188046472,14.4,0.0,4.364888868632288,4.427731215665727,9,5,Fall,14.4,0.0,2021,247
2021-09-05,6.124486867250025,19.4,0.0,5.353570188046472,5.280981974642929,9,6,Fall,19.4,0.0,2021,248
2021-09-06,4.078810447999835,15.3,0.0,6.124486867250025,5.185622501098777,9,0,Fall,15.3,0.0,2021,249
2021-09-07,4.8785969106144345,14.7,0.0,4.078810447999835,5.027298075288098,9,1,Fall,14.7,0.0,2021,250
2021-09-08,6.669810341332681,15.2,0.0,4.8785969106144345,5.209072566648984,9,2,Fall,15.2,0.0,2021,251
2021-09-09,6.2364618870373345,17.6,0.0,6.669810341332681,5.928289712994817,9,3,Fall,17.6,0.0,2021,252
2021-09-10,4.537931588677348,13.8,0.1,6.2364618870373345,5.814734605682456,9,4,Fall,13.8,0.1,2021,253
2021-09-11,4.705708400721188,12.3,8.0,4.537931588677348,5.160033958811957,9,5,Fall,12.3,8.0,2021,254
2021-09-12,5.203288429687338,12.6,2.1,4.705708400721188,4.815642806361958,9,6,Fall,12.6,2.1,2021,255
2021-09-13,3.725351998043402,11.5,1.7,5.203288429687338,4.544782942817309,9,0,Fall,11.5,1.7,2021,256
2021-09-14,4.914230465814596,11.6,0.0,3.725351998043402,4.614290297848446,9,1,Fall,11.6,0.0,2021,257
2021-09-15,3.428884838370807,9.2,2.6,4.914230465814596,4.022822434076269,9,2,Fall,9.2,2.6,2021,258
2021-09-16,3.5012839581042527,8.2,0.0,3.428884838370807,3.9481330874298854,9,3,Fall,8.2,0.0,2021,259
2021-09-17,5.565402295116648,10.4,0.0,3.5012839581042527,4.1651903638639025,9,4,Fall,10.4,0.0,2021,260
2021-09-18,4.987646783169661,16.5,0.0,5.565402295116648,4.684777678796855,9,5,Fall,16.5,0.0,2021,261
2021-09-19,3.5780366543185806,10.6,0.0,4.987646783169661,4.710361910868297,9,6,Fall,10.6,0.0,2021,262
2021-09-20,4.497182292805221,8.6,0.0,3.5780366543185806,4.354288576764488,9,0,Fall,8.6,0.0,2021,263
2021-09-21,4.891103070723205,13.1,0.0,4.497182292805221,4.3221073392823355,9,1,Fall,13.1,0.0,2021,264
2021-09-22,4.167003510388904,14.3,0.0,4.891103070723205,4.5184296246391105,9,2,Fall,14.3,0.0,2021,265
2021-09-23,4.058777263982957,9.0,0.0,4.167003510388904,4.372294615031689,9,3,Fall,9.0,0.0,2021,266
2021-09-24,4.785848910133882,13.8,0.0,4.058777263982957,4.337209894835248,9,4,Fall,13.8,0.0,2021,267
2021-09-25,5.7897650599271335,14.0,0.0,4.785848910133882,4.878130411347992,9,5,Fall,14.0,0.0,2021,268
2021-09-26,4.922207057906025,16.4,0.0,5.7897650599271335,5.165940342655681,9,6,Fall,16.4,0.0,2021,269
2021-09-27,4.880792301868535,15.4,0.0,4.922207057906025,5.197588139900565,9,0,Fall,15.4,0.0,2021,270
2021-09-28,4.022145100629184,12.4,0.0,4.880792301868535,4.608381486801248,9,1,Fall,12.4,0.0,2021,271
2021-09-29,3.7327156558868992,9.7,0.0,4.022145100629184,4.211884352794873,9,2,Fall,9.7,0.0,2021,272
2021-09-30,3.5992383461948676,13.2,0.0,3.7327156558868992,3.78469970090365,9,3,Fall,13.2,0.0,2021,273
2021-10-01,4.391487110427088,10.6,0.0,3.5992383461948676,3.907813704169618,10,4,Fall,10.6,0.0,2021,274
2021-10-02,5.884852235831104,9.5,0.0,4.391487110427088,4.62519256415102,10,5,Fall,9.5,0.0,2021,275
2021-10-03,6.488416248606465,11.7,0.0,5.884852235831104,5.588251864954885,10,6,Fall,11.7,0.0,2021,276
2021-10-04,4.832529193833542,5.9,0.0,6.488416248606465,5.735265892757037,10,0,Fall,5.9,0.0,2021,277
2021-10-05,9.878903508351078,12.7,0.0,4.832529193833542,7.066616316930362,10,1,Fall,12.7,0.0,2021,278
2021-10-06,10.583984733462994,7.0,0.0,9.878903508351078,8.431805811882539,10,2,Fall,7.0,0.0,2021,279
2021-10-07,8.511010579809207,5.3,0.0,10.583984733462994,9.657966273874427,10,3,Fall,5.3,0.0,2021,280
2021-10-08,7.473508259594143,4.3,0.0,8.511010579809207,8.856167857622115,10,4,Fall,4.3,0.0,2021,281
2021-10-09,6.274329895001479,7.4,0.0,7.473508259594143,7.41961624480161,10,5,Fall,7.4,0.0,2021,282
2021-10-10,5.134954640015782,6.7,1.1,6.274329895001479,6.294264264870468,10,6,Fall,6.7,1.1,2021,283
2021-10-11,4.8712947207512425,0.5,0.0,5.134954640015782,5.426859751922834,10,0,Fall,0.5,0.0,2021,284
2021-10-12,5.062718480109784,1.1,0.0,4.8712947207512425,5.022989280292268,10,1,Fall,1.1,0.0,2021,285
2021-10-13,6.066377371908062,-1.7,0.0,5.062718480109784,5.333463524256362,10,2,Fall,-1.7,0.0,2021,286
2021-10-14,6.139499784142386,2.2,0.0,6.066377371908062,5.756198545386744,10,3,Fall,2.2,0.0,2021,287
2021-10-15,5.954108615407626,5.5,0.0,6.139499784142386,6.053328590486025,10,4,Fall,5.5,0.0,2021,288
2021-10-16,4.670862209539339,11.6,0.0,5.954108615407626,5.5881568696964505,10,5,Fall,11.6,0.0,2021,289
2021-10-17,3.900042221781352,11.3,0.0,4.670862209539339,4.841671015576105,10,6,Fall,11.3,0.0,2021,290
2021-10-18,3.7738148314284015,2.8,0.0,3.900042221781352,4.1149064209163635,10,0,Fall,2.8,0.0,2021,291
2021-10-19,4.95249383280107,5.6,0.0,3.7738148314284015,4.2087836286702744,10,1,Fall,5.6,0.0,2021,292
2021-10-20,6.394588205330419,3.9,0.0,4.95249383280107,5.040298956519963,10,2,Fall,3.9,0.0,2021,293
2021-10-21,6.700032635634118,9.5,0.0,6.394588205330419,6.015704891255202,10,3,Fall,9.5,0.0,2021,294
2021-10-22,5.146107817303469,5.8,0.0,6.700032635634118,6.0802428860893345,10,4,Fall,5.8,0.0,2021,295
2021-10-23,4.739844177887656,5.3,26.3,5.146107817303469,5.528661543608414,10,5,Fall,5.3,26.3,2021,296
2021-10-24,4.5799907689209745,3.4,0.0,4.739844177887656,4.821980921370699,10,6,Fall,3.4,0.0,2021,297
2021-10-25,4.6269844083258,7.3,0.0,4.5799907689209745,4.648939785044809,10,0,Fall,7.3,0.0,2021,298
2021-10-26,4.033238525086351,6.1,0.0,4.6269844083258,4.413404567444374,10,1,Fall,6.1,0.0,2021,299
2021-10-27,4.57622922789668,5.7,0.0,4.033238525086351,4.4121507204362755,10,2,Fall,5.7,0.0,2021,300
2021-10-28,4.616083601953167,4.0,0.0,4.57622922789668,4.408517118312066,10,3,Fall,4.0,0.0,2021,301
2021-10-29,5.425841211603544,1.0,2.5,4.616083601953167,4.872718013817796,10,4,Fall,1.0,2.5,2021,302
2021-10-30,5.231387862149068,-2.7,0.0,5.425841211603544,5.091104225235259,10,5,Fall,-2.7,0.0,2021,303
2021-10-31,5.613946113946114,-4.3,0.0,5.231387862149068,5.423725062566241,10,6,Fall,-4.3,0.0,2021,304
2021-11-01,5.422080132176862,-5.9,0.0,5.613946113946114,5.422471369424014,11,0,Fall,-5.9,0.0,2021,305
2021-11-02,5.672322975844648,3.0,0.0,5.422080132176862,5.569449740655874,11,1,Fall,3.0,0.0,2021,306
2021-11-03,5.403848431845194,5.1,0.0,5.672322975844648,5.499417179955567,11,2,Fall,5.1,0.0,2021,307
2021-11-04,6.495726980137735,,,5.403848431845194,5.857299462609191,11,3,Fall,,,2021,308
2021-11-05,6.463286126329605,6.6,0.0,6.495726980137735,6.120953846104178,11,4,Fall,6.6,0.0,2021,309
2021-11-06,6.335313385170365,1.6,0.0,6.463286126329605,6.431442163879235,11,5,Fall,1.6,0.0,2021,310
2021-11-07,7.781513504611331,0.0,0.0,6.335313385170365,6.860037672037099,11,6,Fall,0.0,0.0,2021,311
2021-11-08,8.498299698043944,0.8,0.0,7.781513504611331,7.5383755292752115,11,0,Fall,0.8,0.0,2021,312
2021-11-09,7.880371419773594,0.1,0.0,8.498299698043944,8.053394874142954,11,1,Fall,0.1,0.0,2021,313
2021-11-10,6.054969717788981,2.7,0.0,7.880371419773594,7.477880278535506,11,2,Fall,2.7,0.0,2021,314
2021-11-11,5.481303715542847,-0.9,0.0,6.054969717788981,6.4722149510351406,11,3,Fall,-0.9,0.0,2021,315
2021-11-12,4.849321188899194,5.7,0.0,5.481303715542847,5.461864874077006,11,4,Fall,5.7,0.0,2021,316
2021-11-13,4.4924503246114496,3.2,0.0,4.849321188899194,4.9410250763511625,11,5,Fall,3.2,0.0,2021,317
2021-11-14,4.0518162871743435,5.0,0.0,4.4924503246114496,4.464529266894995,11,6,Fall,5.0,0.0,2021,318
2021-11-15,4.171388286450045,2.9,0.9,4.0518162871743435,4.238551632745279,11,0,Fall,2.9,0.9,2021,319
2021-11-16,3.8129307019344987,-1.3,0.2,4.171388286450045,4.012045091852961,11,1,Fall,-1.3,0.2,2021,320
2021-11-17,5.39570775897357,-5.5,0.0,3.8129307019344987,4.460008915786037,11,2,Fall,-5.5,0.0,2021,321
2021-11-18,6.234473400533313,-1.6,0.0,5.39570775897357,5.147703953813793,11,3,Fall,-1.6,0.0,2021,322
2021-11-19,5.062454565458954,-2.4,0.0,6.234473400533313,5.564211908321945,11,4,Fall,-2.4,0.0,2021,323
2021-11-20,5.206364534674812,-1.7,0.0,5.062454565458954,5.501097500222358,11,5,Fall,-1.7,0.0,2021,324
2021-11-21,6.296406282504681,-1.5,0.0,5.206364534674812,5.521741794212815,11,6,Fall,-1.5,0.0,2021,325
2021-11-22,4.30289603122084,7.7,0.0,6.296406282504681,5.268555616133444,11,0,Fall,7.7,0.0,2021,326
2021-11-23,4.2309297599545275,-2.0,0.1,4.30289603122084,4.943410691226682,11,1,Fall,-2.0,0.1,2021,327
2021-11-24,5.649811997050166,-3.8,0.0,4.2309297599545275,4.727879262741844,11,2,Fall,-3.8,0.0,2021,328
2021-11-25,6.087469898087471,6.8,0.2,5.649811997050166,5.322737218364054,11,3,Fall,6.8,0.2,2021,329
2021-11-26,5.018931054736681,3.0,0.0,6.087469898087471,5.585404316624772,11,4,Fall,3.0,0.0,2021,330
2021-11-27,3.6669605381934147,-1.6,0.6,5.018931054736681,4.924453830339188,11,5,Fall,-1.6,0.6,2021,331
2021-11-28,4.962209357796415,4.7,0.0,3.6669605381934147,4.549366983575503,11,6,Fall,4.7,0.0,2021,332
2021-11-29,4.962594268827236,4.4,0.0,4.962209357796415,4.530588054939021,11,0,Fall,4.4,0.0,2021,333
2021-11-30,5.384457890398926,4.5,0.0,4.962594268827236,5.103087172340859,11,1,Fall,4.5,0.0,2021,334
2021-12-01,4.444025833870979,6.1,2.3,5.384457890398926,4.93035933103238,12,2,Winter,6.1,2.3,2021,335
2021-12-02,5.33643436590515,-0.8,0.4,4.444025833870979,5.0549726967250175,12,3,Winter,-0.8,0.4,2021,336
2021-12-03,4.246773615699447,-4.7,0.1,5.33643436590515,4.675744605158525,12,4,Winter,-4.7,0.1,2021,337
2021-12-04,6.122514912132264,-6.3,0.0,4.246773615699447,5.235240964578953,12,5,Winter,-6.3,0.0,2021,338
2021-12-05,5.569418216442164,-12.7,0.0,6.122514912132264,5.312902248091292,12,6,Winter,-12.7,0.0,2021,339
2021-12-06,5.8617700067390475,-10.9,1.1,5.569418216442164,5.851234378437824,12,0,Winter,-10.9,1.1,2021,340
2021-12-07,5.241035453780669,-7.2,0.0,5.8617700067390475,5.557407892320626,12,1,Winter,-7.2,0.0,2021,341
2021-12-08,6.4363115455725195,-1.2,1.2,5.241035453780669,5.8463723353640775,12,2,Winter,-1.2,1.2,2021,342
2021-12-09,5.986291758172341,-6.7,0.3,6.4363115455725195,5.887879585841843,12,3,Winter,-6.7,0.3,2021,343
2021-12-10,8.44789089597011,-6.5,0.0,5.986291758172341,6.956831399904989,12,4,Winter,-6.5,0.0,2021,344
2021-12-11,5.603789310624127,-2.1,1.6,8.44789089597011,6.6793239882555255,12,5,Winter,-2.1,1.6,2021,345
2021-12-12,4.305021661982613,-5.5,0.0,5.603789310624127,6.118900622858949,12,6,Winter,-5.5,0.0,2021,346
2021-12-13,6.102655600876945,-9.5,0.0,4.305021661982613,5.337155524494562,12,0,Winter,-9.5,0.0,2021,347
2021-12-14,5.424364778581592,-16.8,0.7,6.102655600876945,5.27734734714705,12,1,Winter,-16.8,0.7,2021,348
2021-12-15,6.769036575836043,-19.2,0.0,5.424364778581592,6.0986856517648595,12,2,Winter,-19.2,0.0,2021,349
2021-12-16,7.279391398878628,-17.7,0.9,6.769036575836043,6.490930917765421,12,3,Winter,-17.7,0.9,2021,350
2021-12-17,5.85471112522743,-20.7,0.0,7.279391398878628,6.634379699980699,12,4,Winter,-20.7,0.0,2021,351
2021-12-18,6.003362548082474,-10.2,0.0,5.85471112522743,6.379155024062843,12,5,Winter,-10.2,0.0,2021,352
2021-12-19,4.969802894837015,-12.9,0.0,6.003362548082474,5.609292189382306,12,6,Winter,-12.9,0.0,2021,353
2021-12-20,6.552979487059903,-17.4,0.0,4.969802894837015,5.842048309993129,12,0,Winter,-17.4,0.0,2021,354
2021-12-21,6.301455387333723,-8.9,0.0,6.552979487059903,5.941412589743546,12,1,Winter,-8.9,0.0,2021,355
2021-12-22,5.8396809293765815,-4.9,0.0,6.301455387333723,6.231371934590069,12,2,Winter,-4.9,0.0,2021,356
2021-12-23,5.128701307029511,-9.0,2.6,5.8396809293765815,5.756612541246604,12,3,Winter,-9.0,2.6,2021,357
2021-12-24,6.853916703264529,-21.0,0.1,5.128701307029511,5.94076631322354,12,4,Winter,-21.0,0.1,2021,358
2021-12-25,5.479107490737925,-25.9,0.0,6.853916703264529,5.820575167010655,12,5,Winter,-25.9,0.0,2021,359
2021-12-26,5.1629873765100704,-29.3,0.3,5.479107490737925,5.832003856837507,12,6,Winter,-29.3,0.3,2021,360
2021-12-27,6.004133718039937,-31.1,0.0,5.1629873765100704,5.548742861762643,12,0,Winter,-31.1,0.0,2021,361
2021-12-28,7.156874436262359,-24.1,0.3,6.004133718039937,6.1079985102707886,12,1,Winter,-24.1,0.3,2021,362
2021-12-29,7.236751016607842,-24.9,0.0,7.156874436262359,6.799253056970046,12,2,Winter,-24.9,0.0,2021,363
2021-12-30,9.523531020609825,-19.8,0.5,7.236751016607842,7.972385491160008,12,3,Winter,-19.8,0.5,2021,364
2021-12-31,11.930956507935557,-24.1,0.0,9.523531020609825,9.56374618171774,12,4,Winter,-24.1,0.0,2021,365
2022-01-01,10.121497715179673,-13.4,0.0,11.930956507935557,10.525328414575018,1,5,Winter,-13.4,0.0,2022,1
2022-01-02,4.320747767530376,-7.0,0.0,10.121497715179673,8.791067330215201,1,6,Winter,-7.0,0.0,2022,2
2022-01-03,5.0555151045342415,-20.0,0.0,4.320747767530376,6.499253529081429,1,0,Winter,-20.0,0.0,2022,3
2022-01-04,6.588751241660308,-27.0,0.6,5.0555151045342415,5.321671371241641,1,1,Winter,-27.0,0.6,2022,4
2022-01-05,7.716951516103977,-27.2,0.0,6.588751241660308,6.453739287432842,1,2,Winter,-27.2,0.0,2022,5
2022-01-06,6.715919764940464,-26.7,0.0,7.716951516103977,7.007207507568249,1,3,Winter,-26.7,0.0,2022,6
2022-01-07,6.430355119129685,-23.3,0.0,6.715919764940464,6.954408800058041,1,4,Winter,-23.3,0.0,2022,7
2022-01-08,6.816639993819928,-19.8,0.0,6.430355119129685,6.654304959296691,1,5,Winter,-19.8,0.0,2022,8
2022-01-09,7.278586477686266,-11.7,0.0,6.816639993819928,6.841860530211959,1,6,Winter,-11.7,0.0,2022,9
2022-01-10,5.757386785919395,0.9,0.5,7.278586477686266,6.617537752475195,1,0,Winter,0.9,0.5,2022,10
2022-01-11,7.0188668104715015,1.4,0.0,5.757386785919395,6.684946691359053,1,1,Winter,1.4,0.0,2022,11
2022-01-12,8.817917919069235,3.9,0.0,7.0188668104715015,7.198057171820042,1,2,Winter,3.9,0.0,2022,12
2022-01-13,10.007696361055517,3.4,0.0,8.817917919069235,8.61482703019875,1,3,Winter,3.4,0.0,2022,13
2022-01-14,6.792040301951629,3.0,0.0,10.007696361055517,8.539218194025459,1,4,Winter,3.0,0.0,2022,14
2022-01-15,6.070928680396644,3.4,0.0,6.792040301951629,7.62355511446793,1,5,Winter,3.4,0.0,2022,15
2022-01-16,6.979181865652624,-0.5,0.0,6.070928680396644,6.614050282666965,1,6,Winter,-0.5,0.0,2022,16
2022-01-17,5.729648787319228,-0.1,0.0,6.979181865652624,6.259919777789498,1,0,Winter,-0.1,0.0,2022,17
2022-01-18,5.490621224588616,-14.8,0.0,5.729648787319228,6.066483959186821,1,1,Winter,-14.8,0.0,2022,18
2022-01-19,7.113249209390276,-15.9,0.0,5.490621224588616,6.111173073766039,1,2,Winter,-15.9,0.0,2022,19
2022-01-20,5.5722636038332265,-1.3,0.0,7.113249209390276,6.058711345937372,1,3,Winter,-1.3,0.0,2022,20
2022-01-21,6.713435900794203,0.4,0.0,5.5722636038332265,6.466316238005901,1,4,Winter,0.4,0.0,2022,21
2022-01-22,9.959327229001616,5.4,0.0,6.713435900794203,7.415008911209681,1,5,Winter,5.4,0.0,2022,22
2022-01-23,7.400966936993139,5.1,0.0,9.959327229001616,8.02457668892965,1,6,Winter,5.1,0.0,2022,23
2022-01-24,7.9842359798361695,-0.7,0.0,7.400966936993139,8.448176715276974,1,0,Winter,-0.7,0.0,2022,24
2022-01-25,7.650658635367993,1.1,0.0,7.9842359798361695,7.678620517399099,1,1,Winter,1.1,0.0,2022,25
2022-01-26,6.563521530454423,0.3,0.0,7.650658635367993,7.39947204855286,1,2,Winter,0.3,0.0,2022,26
2022-01-27,8.952066752977183,-0.3,0.0,6.563521530454423,7.7220823062665325,1,3,Winter,-0.3,0.0,2022,27
2022-01-28,7.759190868992381,6.3,0.0,8.952066752977183,7.758259717474662,1,4,Winter,6.3,0.0,2022,28
2022-01-29,7.400655021834061,2.2,0.0,7.759190868992381,8.037304214601209,1,5,Winter,2.2,0.0,2022,29
2022-01-30,6.606222111538231,3.7,0.0,7.400655021834061,7.255356000788223,1,6,Winter,3.7,0.0,2022,30
2022-01-31,8.883533066125288,-6.7,0.0,6.606222111538231,7.630136733165859,1,0,Winter,-6.7,0.0,2022,31
2022-02-01,8.814443582807927,-19.9,1.5,8.883533066125288,8.101399586823815,2,1,Winter,-19.9,1.5,2022,32
2022-02-02,7.794492977668759,-23.9,0.0,8.814443582807927,8.49748987553399,2,2,Winter,-23.9,0.0,2022,33
2022-02-03,5.360960653484861,-13.7,0.0,7.794492977668759,7.323299071320515,2,3,Winter,-13.7,0.0,2022,34
2022-02-04,5.310477019025528,-4.6,0.3,5.360960653484861,6.155310216726382,2,4,Winter,-4.6,0.3,2022,35
2022-02-05,5.788355167394468,1.5,0.0,5.310477019025528,5.486597613301618,2,5,Winter,1.5,0.0,2022,36
2022-02-06,6.730742389585185,4.4,0.0,5.788355167394468,5.94319152533506,2,6,Winter,4.4,0.0,2022,37
2022-02-07,7.890780274355764,5.2,0.0,6.730742389585185,6.803292610445138,2,0,Winter,5.2,0.0,2022,38
2022-02-08,6.875620608750027,5.7,0.0,7.890780274355764,7.165714424230324,2,1,Winter,5.7,0.0,2022,39
2022-02-09,7.12181118383081,7.9,0.0,6.875620608750027,7.296070688978865,2,2,Winter,7.9,0.0,2022,40
2022-02-10,6.644944755505247,5.1,0.0,7.12181118383081,6.88079218269536,2,3,Winter,5.1,0.0,2022,41
2022-02-11,5.740677092283898,-1.5,0.0,6.644944755505247,6.5024776772066515,2,4,Winter,-1.5,0.0,2022,42
2022-02-12,6.090850886668467,2.5,0.0,5.740677092283898,6.158824244819203,2,5,Winter,2.5,0.0,2022,43
2022-02-13,5.909571375379504,3.6,0.0,6.090850886668467,5.913699784777289,2,6,Winter,3.6,0.0,2022,44
2022-02-14,6.030983702812625,-2.2,1.1,5.909571375379504,6.010468654953531,2,0,Winter,-2.2,1.1,2022,45
2022-02-15,6.951579222604742,-4.4,2.9,6.030983702812625,6.297378100265623,2,1,Winter,-4.4,2.9,2022,46
2022-02-16,8.323263729618198,-8.8,1.7,6.951579222604742,7.1019422183451875,2,2,Winter,-8.8,1.7,2022,47
2022-02-17,7.0395447060075105,-1.2,0.0,8.323263729618198,7.43812921941015,2,3,Winter,-1.2,0.0,2022,48
2022-02-18,4.41158007635087,-5.7,0.5,7.0395447060075105,6.591462837325525,2,4,Winter,-5.7,0.5,2022,49
2022-02-19,4.26722649551389,1.7,0.0,4.41158007635087,5.239450425957423,2,5,Winter,1.7,0.0,2022,50
2022-02-20,4.666475972540046,-13.1,4.2,4.26722649551389,4.448427514801601,2,6,Winter,-13.1,4.2,2022,51
2022-02-21,5.949202191707413,-22.2,0.2,4.666475972540046,4.960968219920448,2,0,Winter,-22.2,0.2,2022,52
2022-02-22,6.085639019230248,-22.4,0.0,5.949202191707413,5.5671057278259015,2,1,Winter,-22.4,0.0,2022,53
2022-02-23,6.16999358546017,-18.5,0.0,6.085639019230248,6.068278265465943,2,2,Winter,-18.5,0.0,2022,54
2022-02-24,6.281073921592475,-8.4,1.5,6.16999358546017,6.1789021754276305,2,3,Winter,-8.4,1.5,2022,55
2022-02-25,6.377224993220816,-6.3,0.0,6.281073921592475,6.276097500091152,2,4,Winter,-6.3,0.0,2022,56
2022-02-26,6.344850728665044,-0.8,0.0,6.377224993220816,6.334383214492777,2,5,Winter,-0.8,0.0,2022,57
2022-02-27,6.170877828629545,5.9,0.0,6.344850728665044,6.297651183505134,2,6,Winter,5.9,0.0,2022,58
2022-02-28,6.668525539022649,0.5,0.0,6.170877828629545,6.394751365439078,2,0,Winter,0.5,0.0,2022,59
2022-03-01,8.91258234519104,2.1,0.0,6.668525539022649,7.250661904281078,3,1,Spring,2.1,0.0,2022,60
2022-03-02,6.793810127193008,-6.7,0.6,8.91258234519104,7.458306003802232,3,2,Spring,-6.7,0.6,2022,61
2022-03-03,5.46614477347335,-8.1,3.6,6.793810127193008,7.057512415285799,3,3,Spring,-8.1,3.6,2022,62
2022-03-04,6.162412072662813,-8.7,0.8,5.46614477347335,6.140788991109723,3,4,Spring,-8.7,0.8,2022,63
2022-03-05,7.829447241451646,-6.6,0.0,6.162412072662813,6.486001362529269,3,5,Spring,-6.6,0.0,2022,64
2022-03-06,6.971861575964115,-3.5,0.0,7.829447241451646,6.987906963359523,3,6,Spring,-3.5,0.0,2022,65
2022-03-07,4.885327690137233,-1.7,0.0,6.971861575964115,6.56221216918433,3,0,Spring,-1.7,0.0,2022,66
2022-03-08,3.711629014822551,-9.4,0.1,4.885327690137233,5.189606093641298,3,1,Spring,-9.4,0.1,2022,67
2022-03-09,5.732914373003046,-13.2,0.0,3.711629014822551,4.776623692654275,3,2,Spring,-13.2,0.0,2022,68
2022-03-10,6.1131434697801295,-9.1,0.0,5.732914373003046,5.185895619201908,3,3,Spring,-9.1,0.0,2022,69
2022-03-11,6.206357452960115,-5.9,0.0,6.1131434697801295,6.0174717652477625,3,4,Spring,-5.9,0.0,2022,70
2022-03-12,4.376476979414635,5.2,0.0,6.206357452960115,5.565325967384958,3,5,Spring,5.2,0.0,2022,71
2022-03-13,4.538064319610106,0.4,0.0,4.376476979414635,5.04029958399495,3,6,Spring,0.4,0.0,2022,72
2022-03-14,7.35692825549192,4.9,0.0,4.538064319610106,5.423823184838885,3,0,Spring,4.9,0.0,2022,73
2022-03-15,7.017810879520053,5.5,0.0,7.35692825549192,6.304267818207358,3,1,Spring,5.5,0.0,2022,74
2022-03-16,7.264976712752456,5.2,0.0,7.017810879520053,7.213238615921475,3,2,Spring,5.2,0.0,2022,75
2022-03-17,8.062578872505977,4.6,0.0,7.264976712752456,7.448455488259494,3,3,Spring,4.6,0.0,2022,76
2022-03-18,7.6426817253167565,3.2,0.0,8.062578872505977,7.656745770191729,3,4,Spring,3.2,0.0,2022,77
2022-03-19,5.131171536278316,3.3,0.0,7.6426817253167565,6.945477378033682,3,5,Spring,3.3,0.0,2022,78
2022-03-20,3.3964650748600183,1.6,0.8,5.131171536278316,5.390106112151695,3,6,Spring,1.6,0.8,2022,79
2022-03-21,3.3545347999379795,4.9,0.0,3.3964650748600183,3.9607238036921033,3,0,Spring,4.9,0.0,2022,80
2022-03-22,3.6078960765777164,7.2,0.0,3.3545347999379795,3.4529653171252366,3,1,Spring,7.2,0.0,2022,81
2022-03-23,4.004781563309119,9.8,0.0,3.6078960765777164,3.655737479941603,3,2,Spring,9.8,0.0,2022,82
2022-03-24,3.9646700898051015,0.2,0.0,4.004781563309119,3.8591159098973105,3,3,Spring,0.2,0.0,2022,83
2022-03-25,4.830241392531248,0.9,0.0,3.9646700898051015,4.266564348548488,3,4,Spring,0.9,0.0,2022,84
2022-03-26,4.7104750402576485,-0.1,0.0,4.830241392531248,4.501795507531331,3,5,Spring,-0.1,0.0,2022,85
2022-03-27,4.575113697360074,4.9,0.0,4.7104750402576485,4.705276710049655,3,6,Spring,4.9,0.0,2022,86
2022-03-28,4.957314011751194,0.6,0.3,4.575113697360074,4.747634249789637,3,0,Spring,0.6,0.3,2022,87
2022-03-29,4.537030830206089,1.5,0.0,4.957314011751194,4.6898195131057845,3,1,Spring,1.5,0.0,2022,88
2022-03-30,4.586660429326161,6.0,0.5,4.537030830206089,4.693668423761146,3,2,Spring,6.0,0.5,2022,89
2022-03-31,4.9470519764117,3.7,0.0,4.586660429326161,4.690247745314648,3,3,Spring,3.7,0.0,2022,90
2022-04-01,3.536119650612404,2.0,0.0,4.9470519764117,4.356610685450087,4,4,Spring,2.0,0.0,2022,91
2022-04-02,3.543973202163313,3.7,0.0,3.536119650612404,4.009048276395803,4,5,Spring,3.7,0.0,2022,92
2022-04-03,4.282134805613067,2.3,0.0,3.543973202163313,3.7874092194629263,4,6,Spring,2.3,0.0,2022,93
2022-04-04,4.5218916824486275,7.5,0.0,4.282134805613067,4.115999896741667,4,0,Spring,7.5,0.0,2022,94
2022-04-05,5.005966014619332,5.4,0.0,4.5218916824486275,4.603330834227007,4,1,Spring,5.4,0.0,2022,95
2022-04-06,4.686811123251744,2.8,0.0,5.005966014619332,4.738222940106566,4,2,Spring,2.8,0.0,2022,96
2022-04-07,4.628939552187805,6.1,0.0,4.686811123251744,4.773905563352959,4,3,Spring,6.1,0.0,2022,97
2022-04-08,4.206015656914207,12.8,0.0,4.628939552187805,4.507255444117917,4,4,Spring,12.8,0.0,2022,98
2022-04-09,4.162341734758385,3.7,0.3,4.206015656914207,4.332432314620131,4,5,Spring,3.7,0.3,2022,99
2022-04-10,2.830688826365885,-1.6,0.0,4.162341734758385,3.733015406012824,4,6,Spring,-1.6,0.0,2022,100
2022-04-11,3.5187794162682557,-4.5,0.0,2.830688826365885,3.50393665913084,4,0,Spring,-4.5,0.0,2022,101
2022-04-12,4.259728559160818,-9.3,0.1,3.5187794162682557,3.536398933931651,4,1,Spring,-9.3,0.1,2022,102
2022-04-13,5.155418896973371,-8.1,0.3,4.259728559160818,4.31130895746748,4,2,Spring,-8.1,0.3,2022,103
2022-04-14,4.7433887292568135,-7.7,0.6,5.155418896973371,4.719512061796999,4,3,Spring,-7.7,0.6,2022,104
2022-04-15,4.580330482215585,-5.9,1.1,4.7433887292568135,4.826379369481921,4,4,Spring,-5.9,1.1,2022,105
2022-04-16,4.447008193941833,-3.9,0.0,4.580330482215585,4.590242468471408,4,5,Spring,-3.9,0.0,2022,106
2022-04-17,4.10253563670198,-1.6,0.0,4.447008193941833,4.376624770953131,4,6,Spring,-1.6,0.0,2022,107
2022-04-18,3.6895654589094375,0.9,0.0,4.10253563670198,4.079703096517748,4,0,Spring,0.9,0.0,2022,108
2022-04-19,3.5595251984414533,0.4,10.8,3.6895654589094375,3.783875431350955,4,1,Spring,0.4,10.8,2022,109
2022-04-20,4.247680223002436,-1.7,0.5,3.5595251984414533,3.8322569601177734,4,2,Spring,-1.7,0.5,2022,110
2022-04-21,4.704783884880182,0.1,0.0,4.247680223002436,4.170663102108022,4,3,Spring,0.1,0.0,2022,111
2022-04-22,5.061797178298605,0.5,9.4,4.704783884880182,4.671420428727072,4,4,Spring,0.5,9.4,2022,112
2022-04-23,5.062565147434328,3.8,0.0,5.061797178298605,4.943048736871037,4,5,Spring,3.8,0.0,2022,113
2022-04-24,5.236974363535604,5.7,0.0,5.062565147434328,5.12044556308951,4,6,Spring,5.7,0.0,2022,114
2022-04-25,5.517434680449302,7.7,0.0,5.236974363535604,5.272324730473076,4,0,Spring,7.7,0.0,2022,115
2022-04-26,4.6233626661500065,8.9,1.3,5.517434680449302,5.125923903378302,4,1,Spring,8.9,1.3,2022,116
2022-04-27,3.2418899972813016,5.9,0.0,4.6233626661500065,4.460895781293535,4,2,Spring,5.9,0.0,2022,117
2022-04-28,3.6452346234859583,4.0,0.0,3.2418899972813016,3.836829095639087,4,3,Spring,4.0,0.0,2022,118
2022-04-29,4.538318339399956,6.3,0.0,3.6452346234859583,3.808480986722403,4,4,Spring,6.3,0.0,2022,119
2022-04-30,4.841908996800301,6.1,0.0,4.538318339399956,4.341820653228737,4,5,Spring,6.1,0.0,2022,120
2022-05-01,4.842842836633049,8.9,0.0,4.841908996800301,4.7410233909444335,5,6,Spring,8.9,0.0,2022,121
2022-05-02,5.436656510907185,8.1,0.0,4.842842836633049,5.04046944811351,5,0,Spring,8.1,0.0,2022,122
2022-05-03,6.155388985537726,10.3,0.0,5.436656510907185,5.478296111025984,5,1,Spring,10.3,0.0,2022,123
2022-05-04,3.789904856035664,13.6,0.0,6.155388985537726,5.1273167841601905,5,2,Spring,13.6,0.0,2022,124
2022-05-05,3.822716296497873,13.8,0.0,3.789904856035664,4.589336712690419,5,3,Spring,13.8,0.0,2022,125
2022-05-06,3.741129757859735,11.2,0.0,3.822716296497873,3.7845836367977554,5,4,Spring,11.2,0.0,2022,126
2022-05-07,3.4685400932853376,9.3,0.0,3.741129757859735,3.6774620492143133,5,5,Spring,9.3,0.0,2022,127
2022-05-08,3.7761621380504202,5.5,2.6,3.4685400932853376,3.6619439963984957,5,6,Spring,5.5,2.6,2022,128
2022-05-09,4.598822119772392,4.7,2.4,3.7761621380504202,3.9478414503693817,5,0,Spring,4.7,2.4,2022,129
2022-05-10,5.209756530208476,4.7,0.8,4.598822119772392,4.528246929343761,5,1,Spring,4.7,0.8,2022,130
2022-05-11,5.60116682995662,6.2,0.0,5.209756530208476,5.136581826645828,5,2,Spring,6.2,0.0,2022,131
2022-05-12,5.902229492009813,7.4,0.0,5.60116682995662,5.571050950724968,5,3,Spring,7.4,0.0,2022,132
2022-05-13,5.536546168891706,5.7,0.0,5.902229492009813,5.679980830286044,5,4,Spring,5.7,0.0,2022,133
2022-05-14,5.076543806164589,9.4,0.0,5.536546168891706,5.505106489022034,5,5,Spring,9.4,0.0,2022,134
2022-05-15,4.913002998877417,9.1,0.0,5.076543806164589,5.175364324644569,5,6,Spring,9.1,0.0,2022,135
2022-05-16,4.4803437480394,13.7,0.0,4.913002998877417,4.823296851027133,5,0,Spring,13.7,0.0,2022,136
2022-05-17,3.1263160956613985,8.5,2.0,4.4803437480394,4.17322094752607,5,1,Spring,8.5,2.0,2022,137
2022-05-18,3.771206901863096,8.9,0.3,3.1263160956613985,3.792622248521296,5,2,Spring,8.9,0.3,2022,138
2022-05-19,5.004139375797473,4.4,2.7,3.771206901863096,3.9672207911073207,5,3,Spring,4.4,2.7,2022,139
2022-05-20,5.953177672924134,5.3,0.5,5.004139375797473,4.909507983528233,5,4,Spring,5.3,0.5,2022,140
2022-05-21,6.592095177676121,5.4,0.0,5.953177672924134,5.849804075465908,5,5,Spring,5.4,0.0,2022,141
2022-05-22,5.208497522374831,7.1,0.0,6.592095177676121,5.917923457658361,5,6,Spring,7.1,0.0,2022,142
2022-05-23,4.15800024332633,10.0,0.0,5.208497522374831,5.319530981125759,5,0,Spring,10.0,0.0,2022,143
2022-05-24,4.53293865409306,11.4,0.0,4.15800024332633,4.633145473264739,5,1,Spring,11.4,0.0,2022,144
2022-05-25,4.927249574874156,13.2,0.0,4.53293865409306,4.53939615743118,5,2,Spring,13.2,0.0,2022,145
2022-05-26,5.567416238975828,12.7,0.0,4.927249574874156,5.009201489314346,5,3,Spring,12.7,0.0,2022,146
2022-05-27,4.54801696491336,15.0,0.0,5.567416238975828,5.014227592921113,5,4,Spring,15.0,0.0,2022,147
2022-05-28,3.387812547647618,13.5,0.0,4.54801696491336,4.501081917178934,5,5,Spring,13.5,0.0,2022,148
2022-05-29,4.455270688390893,11.6,0.0,3.387812547647618,4.1303667336506225,5,6,Spring,11.6,0.0,2022,149
2022-05-30,5.91476535541753,10.7,0.0,4.455270688390893,4.585949530485345,5,0,Spring,10.7,0.0,2022,150
2022-05-31,5.641270149162808,9.3,0.0,5.91476535541753,5.337102064323742,5,1,Spring,9.3,0.0,2022,151
2022-06-01,5.3960835502558355,13.7,0.0,5.641270149162808,5.6507063516120555,6,2,Summer,13.7,0.0,2022,152
2022-06-02,4.909097197885768,11.4,0.0,5.3960835502558355,5.315483632434803,6,3,Summer,11.4,0.0,2022,153
2022-06-03,5.311313914660597,13.4,0.0,4.909097197885768,5.205498220934065,6,4,Summer,13.4,0.0,2022,154
2022-06-04,4.588409023415418,14.7,0.8,5.311313914660597,4.936273378653926,6,5,Summer,14.7,0.8,2022,155
2022-06-05,4.50421429066738,11.6,10.2,4.588409023415418,4.80131240958113,6,6,Summer,11.6,10.2,2022,156
2022-06-06,5.017638474575815,12.7,23.0,4.50421429066738,4.703420596219536,6,0,Summer,12.7,23.0,2022,157
2022-06-07,5.7483573829092505,12.3,3.1,5.017638474575815,5.090070049384146,6,1,Summer,12.3,3.1,2022,158
2022-06-08,4.829770797482366,13.9,0.0,5.7483573829092505,5.198588884989142,6,2,Summer,13.9,0.0,2022,159
2022-06-09,4.36873714035837,15.0,0.0,4.829770797482366,4.982288440249994,6,3,Summer,15.0,0.0,2022,160
2022-06-10,3.8113758677259373,15.6,0.0,4.36873714035837,4.336627935188889,6,4,Summer,15.6,0.0,2022,161
2022-06-11,4.677047107955037,16.0,0.0,3.8113758677259373,4.28572003867978,6,5,Summer,16.0,0.0,2022,162
2022-06-12,5.45640442819471,12.7,2.2,4.677047107955037,4.648275801291893,6,6,Summer,12.7,2.2,2022,163
2022-06-13,5.0003737591087365,11.9,26.1,5.45640442819471,5.044608431752827,6,0,Summer,11.9,26.1,2022,164
2022-06-14,5.2270866932377595,9.9,33.1,5.0003737591087365,5.2279549601804005,6,1,Summer,9.9,33.1,2022,165
2022-06-15,7.685139798183277,12.3,1.1,5.2270866932377595,5.970866750176589,6,2,Summer,12.3,1.1,2022,166
2022-06-16,8.934099370992103,13.4,0.0,7.685139798183277,7.282108620804379,6,3,Summer,13.4,0.0,2022,167
2022-06-17,4.679984943582176,15.8,1.0,8.934099370992103,7.099741370919184,6,4,Summer,15.8,1.0,2022,168
2022-06-18,4.3085047215482,16.1,6.8,4.679984943582176,5.974196345374158,6,5,Summer,16.1,6.8,2022,169
2022-06-19,4.240740560213167,14.9,0.0,4.3085047215482,4.409743408447846,6,6,Summer,14.9,0.0,2022,170
2022-06-20,5.007406879912702,13.9,0.5,4.240740560213167,4.518884053891355,6,0,Summer,13.9,0.5,2022,171
2022-06-21,6.450627204575079,14.7,0.0,5.007406879912702,5.232924881566981,6,1,Summer,14.7,0.0,2022,172
2022-06-22,5.534565780576459,17.5,0.0,6.450627204575079,5.664199955021413,6,2,Summer,17.5,0.0,2022,173
2022-06-23,4.1555461122187465,9.3,15.3,5.534565780576459,5.380246365790093,6,3,Summer,9.3,15.3,2022,174
2022-06-24,5.523403032380185,10.5,1.3,4.1555461122187465,5.07117164172513,6,4,Summer,10.5,1.3,2022,175
2022-06-25,7.385495220395018,12.7,0.0,5.523403032380185,5.688148121664649,6,5,Summer,12.7,0.0,2022,176
2022-06-26,8.507790697872045,14.9,0.0,7.385495220395018,7.1388963168824136,6,6,Summer,14.9,0.0,2022,177
2022-06-27,6.292645732689211,16.3,0.2,8.507790697872045,7.395310550318757,6,0,Summer,16.3,0.2,2022,178
2022-06-28,5.43319266117972,16.0,0.9,6.292645732689211,6.744543030580324,6,1,Summer,16.0,0.9,2022,179
2022-06-29,5.243199689866171,14.0,4.0,5.43319266117972,5.656346027911699,6,2,Summer,14.0,4.0,2022,180
2022-06-30,7.18457613845263,14.9,0.5,5.243199689866171,5.953656163166172,6,3,Summer,14.9,0.5,2022,181
2022-07-01,8.427569733758475,16.5,17.0,7.18457613845263,6.951781854025756,7,4,Summer,16.5,17.0,2022,182
2022-07-02,6.646069376945752,13.7,0.9,8.427569733758475,7.419405083052283,7,5,Summer,13.7,0.9,2022,183
2022-07-03,5.458142329638325,11.9,0.1,6.646069376945752,6.843927146780849,7,6,Summer,11.9,0.1,2022,184
2022-07-04,6.306340384521544,12.4,8.9,5.458142329638325,6.136850697035205,7,0,Summer,12.4,8.9,2022,185
2022-07-05,7.069496829872789,15.2,5.8,6.306340384521544,6.277993181344217,7,1,Summer,15.2,5.8,2022,186
2022-07-06,6.1220780842044435,12.3,0.0,7.069496829872789,6.499305099532923,7,2,Summer,12.3,0.0,2022,187
2022-07-07,5.831985658558549,17.7,19.3,6.1220780842044435,6.3411868575452575,7,3,Summer,17.7,19.3,2022,188
2022-07-08,6.529867722975918,18.0,0.0,5.831985658558549,6.161310488579634,7,4,Summer,18.0,0.0,2022,189
2022-07-09,4.602886572270715,18.0,0.0,6.529867722975918,5.654913317935058,7,5,Summer,18.0,0.0,2022,190
2022-07-10,5.164621404136905,16.9,0.0,4.602886572270715,5.432458566461176,7,6,Summer,16.9,0.0,2022,191
2022-07-11,6.3708698366642,18.0,0.0,5.164621404136905,5.379459271023937,7,0,Summer,18.0,0.0,2022,192
2022-07-12,5.62102279584976,21.3,0.0,6.3708698366642,5.718838012216953,7,1,Summer,21.3,0.0,2022,193
2022-07-13,4.732268328201886,18.2,0.0,5.62102279584976,5.574720320238613,7,2,Summer,18.2,0.0,2022,194
2022-07-14,5.022660314728022,18.7,0.0,4.732268328201886,5.125317146259888,7,3,Summer,18.7,0.0,2022,195
2022-07-15,5.822112609146934,20.1,0.0,5.022660314728022,5.192347084025612,7,4,Summer,20.1,0.0,2022,196
2022-07-16,6.761994522364282,20.6,0.0,5.822112609146934,5.868922482079744,7,5,Summer,20.6,0.0,2022,197
2022-07-17,7.620092078909588,19.0,0.0,6.761994522364282,6.7347330701402655,7,6,Summer,19.0,0.0,2022,198
2022-07-18,7.578136903390364,16.1,2.3,7.620092078909588,7.320074501554743,7,0,Summer,16.1,2.3,2022,199
2022-07-19,6.178792223169461,20.8,0.1,7.578136903390364,7.125673735156468,7,1,Summer,20.8,0.1,2022,200
2022-07-20,6.40633318855058,16.8,0.0,6.178792223169461,6.721087438370133,7,2,Summer,16.8,0.0,2022,201
2022-07-21,6.5580597765519,19.3,0.0,6.40633318855058,6.381061729423977,7,3,Summer,19.3,0.0,2022,202
2022-07-22,6.616670713344626,17.4,0.6,6.5580597765519,6.527021226149034,7,4,Summer,17.4,0.6,2022,203
2022-07-23,7.0082168954769575,17.8,0.0,6.616670713344626,6.727649128457826,7,5,Summer,17.8,0.0,2022,204
2022-07-24,7.706584122688497,19.1,0.0,7.0082168954769575,7.110490577170025,7,6,Summer,19.1,0.0,2022,205
2022-07-25,5.8141550034139655,17.4,1.1,7.706584122688497,6.842985340526471,7,0,Summer,17.4,1.1,2022,206
2022-07-26,5.166230195872921,18.5,0.0,5.8141550034139655,6.228989773991792,7,1,Summer,18.5,0.0,2022,207
2022-07-27,7.213677552232539,20.5,0.0,5.166230195872921,6.064687583839806,7,2,Summer,20.5,0.0,2022,208
2022-07-28,8.328480154231778,22.2,0.0,7.213677552232539,6.902795967445744,7,3,Summer,22.2,0.0,2022,209
2022-07-29,8.483128724355085,23.2,2.1,8.328480154231778,8.008428810273132,7,4,Summer,23.2,2.1,2022,210
2022-07-30,7.278162973815148,20.5,2.6,8.483128724355085,8.029923950800669,7,5,Summer,20.5,2.6,2022,211
2022-07-31,6.816847512349242,20.5,0.0,7.278162973815148,7.526046403506489,7,6,Summer,20.5,0.0,2022,212
2022-08-01,6.554267720200214,21.8,0.0,6.816847512349242,6.883092735454866,8,0,Summer,21.8,0.0,2022,213
2022-08-02,4.415075134403951,17.8,0.0,6.554267720200214,5.928730122317799,8,1,Summer,17.8,0.0,2022,214
2022-08-03,4.907641291704673,20.2,0.0,4.415075134403951,5.292328048769611,8,2,Summer,20.2,0.0,2022,215
2022-08-04,5.070191764502977,14.4,0.0,4.907641291704673,4.7976360635371975,8,3,Summer,14.4,0.0,2022,216
2022-08-05,4.440526010717199,12.9,0.0,5.070191764502977,4.806119688974947,8,4,Summer,12.9,0.0,2022,217
2022-08-06,5.302346106589349,16.2,0.0,4.440526010717199,4.9376879606031725,8,5,Summer,16.2,0.0,2022,218
2022-08-07,5.739453045013993,20.6,0.0,5.302346106589349,5.160775054106844,8,6,Summer,20.6,0.0,2022,219
2022-08-08,4.352681607419886,20.5,0.0,5.739453045013993,5.131493586341073,8,0,Summer,20.5,0.0,2022,220
2022-08-09,4.619532507556538,19.6,0.0,4.352681607419886,4.903889053330136,8,1,Summer,19.6,0.0,2022,221
2022-08-10,5.7940880900473415,21.4,0.0,4.619532507556538,4.92210073500792,8,2,Summer,21.4,0.0,2022,222
2022-08-11,6.081556608839551,22.9,0.0,5.7940880900473415,5.4983924021478074,8,3,Summer,22.9,0.0,2022,223
2022-08-12,5.71261290717153,22.1,4.2,6.081556608839551,5.862752535352804,8,4,Summer,22.1,4.2,2022,224
2022-08-13,5.438591100275883,21.5,0.0,5.71261290717153,5.744253538762319,8,5,Summer,21.5,0.0,2022,225
2022-08-14,5.061871293564657,19.4,0.0,5.438591100275883,5.404358433670687,8,6,Summer,19.4,0.0,2022,226
2022-08-15,5.592657796363505,18.6,0.0,5.061871293564657,5.36437339673468,8,0,Summer,18.6,0.0,2022,227
2022-08-16,6.0491352333817705,20.7,0.6,5.592657796363505,5.567888107769975,8,1,Summer,20.7,0.6,2022,228
2022-08-17,6.011782858111954,19.3,0.0,6.0491352333817705,5.8845252959524075,8,2,Summer,19.3,0.0,2022,229
2022-08-18,6.88889341370002,21.3,0.0,6.011782858111954,6.316603835064579,8,3,Summer,21.3,0.0,2022,230
2022-08-19,8.527938781376127,22.8,0.0,6.88889341370002,7.142871684396032,8,4,Summer,22.8,0.0,2022,231
2022-08-20,9.177041740609287,20.3,0.0,8.527938781376127,8.19795797856181,8,5,Summer,20.3,0.0,2022,232
2022-08-21,10.721965409447533,20.1,2.8,9.177041740609287,9.47564864381098,8,6,Summer,20.1,2.8,2022,233
2022-08-22,11.373501539368053,19.5,8.0,10.721965409447533,10.424169563141621,8,0,Summer,19.5,8.0,2022,234
2022-08-23,10.205893427034846,16.1,1.1,11.373501539368053,10.767120125283475,8,1,Summer,16.1,1.1,2022,235
2022-08-24,10.373234494005445,18.3,0.0,10.205893427034846,10.65087648680278,8,2,Summer,18.3,0.0,2022,236
2022-08-25,9.583014501637049,16.7,0.0,10.373234494005445,10.054047474225777,8,3,Summer,16.7,0.0,2022,237
2022-08-26,7.710514756012771,19.0,0.0,9.583014501637049,9.222254583885087,8,4,Summer,19.0,0.0,2022,238
2022-08-27,6.008203713179936,15.0,9.9,7.710514756012771,7.7672443236099165,8,5,Summer,15.0,9.9,2022,239
2022-08-28,5.447426013063693,15.1,0.0,6.008203713179936,6.388714827418798,8,6,Summer,15.1,0.0,2022,240
2022-08-29,6.553179883723362,17.5,0.0,5.447426013063693,6.002936536655661,8,0,Summer,17.5,0.0,2022,241
2022-08-30,5.714037080302527,21.1,0.0,6.553179883723362,5.904880992363192,8,1,Summer,21.1,0.0,2022,242
2022-08-31,5.523832752634296,22.0,0.0,5.714037080302527,5.930349905553392,8,2,Summer,22.0,0.0,2022,243
2022-09-01,4.954599164381773,19.0,0.0,5.523832752634296,5.397489665772863,9,3,Fall,19.0,0.0,2022,244
2022-09-02,7.182239879904258,20.2,0.0,4.954599164381773,5.88689059897344,9,4,Fall,20.2,0.0,2022,245
2022-09-03,10.301568841729535,21.5,0.0,7.182239879904258,7.479469295338521,9,5,Fall,21.5,0.0,2022,246
2022-09-04,12.467956608000451,24.3,0.0,10.301568841729535,9.983921776544745,9,6,Fall,24.3,0.0,2022,247
2022-09-05,6.181452848729736,15.8,0.0,12.467956608000451,9.650326099486572,9,0,Fall,15.8,0.0,2022,248
2022-09-06,4.917078968813516,13.7,0.0,6.181452848729736,7.855496141847898,9,1,Fall,13.7,0.0,2022,249
2022-09-07,6.475006195410828,18.6,0.0,4.917078968813516,5.8578460043180245,9,2,Fall,18.6,0.0,2022,250
2022-09-08,5.032437859788097,11.8,0.8,6.475006195410828,5.4748410080041445,9,3,Fall,11.8,0.8,2022,251
2022-09-09,6.247585037081279,11.4,2.4,5.032437859788097,5.918343030760066,9,4,Fall,11.4,2.4,2022,252
2022-09-10,13.591209070895083,14.1,0.0,6.247585037081279,8.290410655921484,9,5,Fall,14.1,0.0,2022,253
2022-09-11,20.167821442590586,18.3,0.0,13.591209070895083,13.335538516855648,9,6,Fall,18.3,0.0,2022,254
2022-09-12,11.816822806751627,15.2,0.0,20.167821442590586,15.191951106745762,9,0,Fall,15.2,0.0,2022,255
2022-09-13,11.237832672508016,14.5,0.0,11.816822806751627,14.407492307283407,9,1,Fall,14.5,0.0,2022,256
2022-09-14,9.75242580261255,14.8,0.0,11.237832672508016,10.935693760624062,9,2,Fall,14.8,0.0,2022,257
2022-09-15,6.590455839604177,14.7,0.0,9.75242580261255,9.193571438241579,9,3,Fall,14.7,0.0,2022,258
2022-09-16,5.828686239663828,14.3,0.0,6.590455839604177,7.3905226272935165,9,4,Fall,14.3,0.0,2022,259
2022-09-17,5.251136606916546,12.1,0.0,5.828686239663828,5.890092895394848,9,5,Fall,12.1,0.0,2022,260
2022-09-18,5.663638443207531,10.1,0.0,5.251136606916546,5.581153763262633,9,6,Fall,10.1,0.0,2022,261
2022-09-19,5.039536426047509,7.6,7.5,5.663638443207531,5.318103825390526,9,0,Fall,7.6,7.5,2022,262
2022-09-20,3.957754460811669,7.2,0.0,5.039536426047509,4.886976443355567,9,1,Fall,7.2,0.0,2022,263
2022-09-21,5.392120058503764,8.0,0.0,3.957754460811669,4.796470315120978,9,2,Fall,8.0,0.0,2022,264
2022-09-22,4.826489910094181,10.1,0.0,5.392120058503764,4.725454809803202,9,3,Fall,10.1,0.0,2022,265
2022-09-23,3.8579096077291233,11.8,0.0,4.826489910094181,4.692173192109021,9,4,Fall,11.8,0.0,2022,266
2022-09-24,4.072626790205842,14.2,0.0,3.8579096077291233,4.25234210267638,9,5,Fall,14.2,0.0,2022,267
2022-09-25,5.023061721851227,12.5,0.0,4.072626790205842,4.317866039928728,9,6,Fall,12.5,0.0,2022,268
2022-09-26,5.461390755479836,14.9,0.0,5.023061721851227,4.852359755845632,9,0,Fall,14.9,0.0,2022,269
2022-09-27,6.6384602894668205,17.1,0.0,5.461390755479836,5.7076375889326245,9,1,Fall,17.1,0.0,2022,270
2022-09-28,6.969663238071539,17.7,0.0,6.6384602894668205,6.356504761006062,9,2,Fall,17.7,0.0,2022,271
2022-09-29,7.301382798756237,15.2,0.0,6.969663238071539,6.969835442098197,9,3,Fall,15.2,0.0,2022,272
2022-09-30,6.535267602515886,12.3,0.0,7.301382798756237,6.935437879781219,9,4,Fall,12.3,0.0,2022,273
2022-10-01,6.243141566633962,12.5,0.0,6.535267602515886,6.693263989302025,10,5,Fall,12.5,0.0,2022,274
2022-10-02,5.7644122714455195,13.4,0.0,6.243141566633962,6.180940480198454,10,6,Fall,13.4,0.0,2022,275
2022-10-03,7.506936844702491,14.6,0.0,5.7644122714455195,6.504830227593988,10,0,Fall,14.6,0.0,2022,276
2022-10-04,10.239962731578744,14.5,0.0,7.506936844702491,7.837103949242248,10,1,Fall,14.5,0.0,2022,277
2022-10-05,10.069921635090283,10.9,0.3,10.239962731578744,9.272273737123838,10,2,Fall,10.9,0.3,2022,278
2022-10-06,9.00424621984568,9.0,0.0,10.069921635090283,9.771376862171566,10,3,Fall,9.0,0.0,2022,279
2022-10-07,8.831789294665235,11.3,0.0,9.00424621984568,9.30198571653373,10,4,Fall,11.3,0.0,2022,280
2022-10-08,8.69592508055854,13.0,0.0,8.831789294665235,8.843986865023147,10,5,Fall,13.0,0.0,2022,281
2022-10-09,8.60840455600181,12.4,0.0,8.69592508055854,8.712039643741859,10,6,Fall,12.4,0.0,2022,282
2022-10-10,6.259999841333748,13.7,2.9,8.60840455600181,7.854776492631363,10,0,Fall,13.7,2.9,2022,283
2022-10-11,6.148804572196071,7.0,0.0,6.259999841333748,7.0057363231772065,10,1,Fall,7.0,0.0,2022,284
2022-10-12,7.81808247724118,7.6,0.0,6.148804572196071,6.742295630256997,10,2,Fall,7.6,0.0,2022,285
2022-10-13,7.536175259523085,9.9,0.0,7.81808247724118,7.167687436320109,10,3,Fall,9.9,0.0,2022,286
2022-10-14,8.80367156727071,12.2,0.0,7.536175259523085,8.052643101344989,10,4,Fall,12.2,0.0,2022,287
2022-10-15,7.885307444291819,8.0,0.0,8.80367156727071,8.075051423695202,10,5,Fall,8.0,0.0,2022,288
2022-10-16,9.42460424411527,10.3,0.0,7.885307444291819,8.704527751892597,10,6,Fall,10.3,0.0,2022,289
2022-10-17,11.154277525008833,13.8,0.0,9.42460424411527,9.488063071138638,10,0,Fall,13.8,0.0,2022,290
2022-10-18,19.407349338125318,13.5,0.0,11.154277525008833,13.32874370241647,10,1,Fall,13.5,0.0,2022,291
2022-10-19,20.26805430501083,12.8,0.0,19.407349338125318,16.943227056048325,10,2,Fall,12.8,0.0,2022,292
2022-10-20,9.901696928956655,11.3,0.0,20.26805430501083,16.525700190697595,10,3,Fall,11.3,0.0,2022,293
2022-10-21,6.596080400416095,3.5,2.1,9.901696928956655,12.25527721146119,10,4,Fall,3.5,2.1,2022,294
2022-10-22,7.7775883096535265,0.5,14.1,6.596080400416095,8.091788546342089,10,5,Fall,0.5,14.1,2022,295
2022-10-23,8.87801202986625,-0.2,2.3,7.7775883096535265,7.7505602466452865,10,6,Fall,-0.2,2.3,2022,296
2022-10-24,8.665930064930844,0.1,0.0,8.87801202986625,8.44051013481687,10,0,Fall,0.1,0.0,2022,297
2022-10-25,6.773152473350102,-0.8,0.0,8.665930064930844,8.105698189382395,10,1,Fall,-0.8,0.0,2022,298
2022-10-26,4.578580945428771,1.7,0.0,6.773152473350102,6.672554494569902,10,2,Fall,1.7,0.0,2022,299
2022-10-27,3.154042409802001,7.8,0.0,4.578580945428771,4.835258609526954,10,3,Fall,7.8,0.0,2022,300
2022-10-28,4.251883394167944,5.1,0.0,3.154042409802001,3.9948355831329017,10,4,Fall,5.1,0.0,2022,301
2022-10-29,6.117969464218494,4.9,0.0,4.251883394167944,4.507965089396143,10,5,Fall,4.9,0.0,2022,302
2022-10-30,6.468953629662807,8.3,0.0,6.117969464218494,5.612935496016412,10,6,Fall,8.3,0.0,2022,303
2022-10-31,7.589195802784666,3.8,0.0,6.468953629662807,6.725372965555319,10,0,Fall,3.8,0.0,2022,304
2022-11-01,8.398353039170475,-0.1,4.9,7.589195802784666,7.485500823872646,11,1,Fall,-0.1,4.9,2022,305
2022-11-02,7.823125589234968,-6.5,2.1,8.398353039170475,7.936891477063366,11,2,Fall,-6.5,2.1,2022,306
2022-11-03,8.863127332146634,-8.7,0.0,7.823125589234968,8.361535320184023,11,3,Fall,-8.7,0.0,2022,307
2022-11-04,8.2905389044248,,,8.863127332146634,8.325597275268796,11,4,Fall,,,2022,308
2022-11-05,6.2942144051856355,-6.0,1.1,8.2905389044248,7.815960213919019,11,5,Fall,-6.0,1.1,2022,309
2022-11-06,3.908807387019514,-12.8,0.2,6.2942144051856355,6.16452023220998,11,6,Fall,-12.8,0.2,2022,310
2022-11-07,4.048430547855101,-17.7,4.8,3.908807387019514,4.750484113353413,11,0,Fall,-17.7,4.8,2022,311
2022-11-08,4.746681413912872,-20.0,0.0,4.048430547855101,4.234639782929158,11,1,Fall,-20.0,0.0,2022,312
2022-11-09,7.341161860854835,-19.6,0.0,4.746681413912872,5.378757940874265,11,2,Fall,-19.6,0.0,2022,313
2022-11-10,10.466764278394715,-12.0,0.0,7.341161860854835,7.5182025177208045,11,3,Fall,-12.0,0.0,2022,314
2022-11-11,10.03977150189786,-7.4,0.0,10.466764278394715,9.282565880382466,11,4,Fall,-7.4,0.0,2022,315
2022-11-12,7.6305307038640375,-7.5,0.0,10.03977150189786,9.379022161385533,11,5,Fall,-7.5,0.0,2022,316
2022-11-13,6.7355289548599755,-5.3,0.0,7.6305307038640375,8.135277053540621,11,6,Fall,-5.3,0.0,2022,317
2022-11-14,5.767840347630652,-3.3,0.0,6.7355289548599755,6.711300002118218,11,0,Fall,-3.3,0.0,2022,318
2022-11-15,5.888949809755889,-1.7,0.0,5.767840347630652,6.130773037415501,11,1,Fall,-1.7,0.0,2022,319
2022-11-16,6.0328116744412075,-3.5,0.0,5.888949809755889,5.896533943942579,11,2,Fall,-3.5,0.0,2022,320
2022-11-17,5.413319555504115,-10.2,0.0,6.0328116744412075,5.778360346567067,11,3,Fall,-10.2,0.0,2022,321
2022-11-18,7.122811658330127,-6.2,0.0,5.413319555504115,6.189647629425146,11,4,Fall,-6.2,0.0,2022,322
2022-11-19,8.486066518023039,-2.9,0.0,7.122811658330127,7.007399243952423,11,5,Fall,-2.9,0.0,2022,323
2022-11-20,7.372999230473259,-2.1,0.0,8.486066518023039,7.660625802275471,11,6,Fall,-2.1,0.0,2022,324
2022-11-21,7.291852251250097,0.7,0.0,7.372999230473259,7.716972666582127,11,0,Fall,0.7,0.0,2022,325
2022-11-22,6.700778940249348,5.3,0.0,7.291852251250097,7.121876807324231,11,1,Fall,5.3,0.0,2022,326
2022-11-23,8.509646147495697,2.0,0.9,6.700778940249348,7.500759112998377,11,2,Fall,2.0,0.9,2022,327
2022-11-24,8.730166655833584,4.8,0.0,8.509646147495697,7.980197247859539,11,3,Fall,4.8,0.0,2022,328
2022-11-25,5.872199025231062,4.8,0.0,8.730166655833584,7.704003942853444,11,4,Fall,4.8,0.0,2022,329
2022-11-26,4.629613710125892,0.3,0.0,5.872199025231062,6.410659797063509,11,5,Fall,0.3,0.0,2022,330
2022-11-27,5.893251484827571,-3.9,0.7,4.629613710125892,5.465021406728172,11,6,Fall,-3.9,0.7,2022,331
2022-11-28,3.341137021430548,-12.6,0.0,5.893251484827571,4.6213340721280005,11,0,Fall,-12.6,0.0,2022,332
2022-11-29,4.808175421271572,-16.6,0.0,3.341137021430548,4.680854642509893,11,1,Fall,-16.6,0.0,2022,333
2022-11-30,4.600346457102299,-18.2,0.6,4.808175421271572,4.249886299934802,11,2,Fall,-18.2,0.6,2022,334
2022-12-01,4.366879722771665,-22.6,0.9,4.600346457102299,4.591800533715175,12,3,Winter,-22.6,0.9,2022,335
2022-12-02,5.906499151638972,-21.0,0.0,4.366879722771665,4.957908443837642,12,4,Winter,-21.0,0.0,2022,336
2022-12-03,5.849571555160243,-10.1,0.0,5.906499151638972,5.374316809856957,12,5,Winter,-10.1,0.0,2022,337
2022-12-04,4.736016256252405,-2.6,0.7,5.849571555160243,5.497362321017204,12,6,Winter,-2.6,0.7,2022,338
2022-12-05,6.300966086412412,-13.2,0.9,4.736016256252405,5.628851299275017,12,0,Winter,-13.2,0.9,2022,339
2022-12-06,8.091268558447537,-21.4,1.8,6.300966086412412,6.376083633704115,12,1,Winter,-21.4,1.8,2022,340
2022-12-07,6.815614723334039,-9.8,0.0,8.091268558447537,7.069283122731325,12,2,Winter,-9.8,0.0,2022,341
2022-12-08,5.669497414802055,-5.2,0.0,6.815614723334039,6.858793565527873,12,3,Winter,-5.2,0.0,2022,342
2022-12-09,5.894221227556164,-6.5,0.0,5.669497414802055,6.126444455230749,12,4,Winter,-6.5,0.0,2022,343
2022-12-10,5.725076757917337,-8.9,0.0,5.894221227556164,5.762931800091849,12,5,Winter,-8.9,0.0,2022,344
2022-12-11,6.4602127748866875,-12.1,0.0,5.725076757917337,6.026503586786727,12,6,Winter,-12.1,0.0,2022,345
2022-12-12,6.7600533374948215,-13.5,0.0,6.4602127748866875,6.315114290099612,12,0,Winter,-13.5,0.0,2022,346
2022-12-13,8.447952849275474,-7.6,0.2,6.7600533374948215,7.222739653885657,12,1,Winter,-7.6,0.2,2022,347
2022-12-14,5.488958591765609,-7.2,0.0,8.447952849275474,6.898988259511964,12,2,Winter,-7.2,0.0,2022,348
2022-12-15,6.24795605076935,-7.8,0.0,5.488958591765609,6.728289163936807,12,3,Winter,-7.8,0.0,2022,349
2022-12-16,7.011642726412548,-6.4,0.0,6.24795605076935,6.249519122982498,12,4,Winter,-6.4,0.0,2022,350
2022-12-17,5.0575072901406894,-12.0,0.6,7.011642726412548,6.105702022440859,12,5,Winter,-12.0,0.6,2022,351
2022-12-18,5.586239797751655,-22.9,0.3,5.0575072901406894,5.8851299381016275,12,6,Winter,-22.9,0.3,2022,352
2022-12-19,5.6822667808079705,-28.2,0.0,5.586239797751655,5.442004622900101,12,0,Winter,-28.2,0.0,2022,353
2022-12-20,6.607931081558982,-30.3,1.1,5.6822667808079705,5.958812553372866,12,1,Winter,-30.3,1.1,2022,354
2022-12-21,7.795832377205219,-29.5,0.0,6.607931081558982,6.69534341319072,12,2,Winter,-29.5,0.0,2022,355
2022-12-22,7.55228254413037,-27.8,0.0,7.795832377205219,7.318682000964853,12,3,Winter,-27.8,0.0,2022,356
2022-12-23,4.7296171608974475,-23.4,1.0,7.55228254413037,6.692577360744342,12,4,Winter,-23.4,1.0,2022,357
2022-12-24,5.086987669381024,-9.1,0.0,4.7296171608974475,5.789629124802944,12,5,Winter,-9.1,0.0,2022,358
2022-12-25,5.276936026936027,-2.1,0.0,5.086987669381024,5.031180285738163,12,6,Winter,-2.1,0.0,2022,359
2022-12-26,5.745446452687727,2.2,0.0,5.276936026936027,5.369790049668256,12,0,Winter,2.2,0.0,2022,360
2022-12-27,6.447573616932159,1.4,0.6,5.745446452687727,5.823318698851967,12,1,Winter,1.4,0.6,2022,361
2022-12-28,8.581944740793167,-4.9,0.3,6.447573616932159,6.924988270137681,12,2,Winter,-4.9,0.3,2022,362
2022-12-29,9.300841317540245,-8.2,0.0,8.581944740793167,8.110119891755188,12,3,Winter,-8.2,0.0,2022,363
2022-12-30,9.629755949842771,-2.7,0.0,9.300841317540245,9.170847336058726,12,4,Winter,-2.7,0.0,2022,364
2022-12-31,10.238008359122373,-6.3,0.0,9.629755949842771,9.72286854216846,12,5,Winter,-6.3,0.0,2022,365
2023-01-01,7.439399678604224,-3.7,0.0,10.238008359122373,9.102387995856454,1,6,Winter,-3.7,0.0,2023,1
2023-01-02,6.970807636047362,-4.5,0.0,7.439399678604224,8.216071891257982,1,0,Winter,-4.5,0.0,2023,2
2023-01-03,8.805467351663005,-6.4,0.0,6.970807636047362,7.73855822210486,1,1,Winter,-6.4,0.0,2023,3
2023-01-04,7.0687299007484095,-6.3,0.0,8.805467351663005,7.615001629486255,1,2,Winter,-6.3,0.0,2023,4
2023-01-05,6.137581012677203,-11.7,0.0,7.0687299007484095,7.337259421696203,1,3,Winter,-11.7,0.0,2023,5
2023-01-06,8.697170677533316,0.2,0.0,6.137581012677203,7.301160530319639,1,4,Winter,0.2,0.0,2023,6
2023-01-07,6.592194914710786,0.6,0.0,8.697170677533316,7.142315534973766,1,5,Winter,0.6,0.0,2023,7
2023-01-08,7.788631845581634,-1.7,0.0,6.592194914710786,7.692665812608575,1,6,Winter,-1.7,0.0,2023,8
2023-01-09,11.237402696902809,-0.2,0.0,7.788631845581634,8.539409819065073,1,0,Winter,-0.2,0.0,2023,9
2023-01-10,11.890979460826037,-3.2,0.0,11.237402696902809,10.305671334436822,1,1,Winter,-3.2,0.0,2023,10
2023-01-11,11.121536088638821,-7.3,0.0,11.890979460826037,11.416639415455885,1,2,Winter,-7.3,0.0,2023,11
2023-01-12,9.290899336925152,-3.4,0.0,11.121536088638821,10.76780496213,1,3,Winter,-3.4,0.0,2023,12
2023-01-13,6.822302131041262,1.3,0.0,9.290899336925152,9.078245852201741,1,4,Winter,1.3,0.0,2023,13
2023-01-14,7.603689505693581,1.1,0.0,6.822302131041262,7.905630324553329,1,5,Winter,1.1,0.0,2023,14
2023-01-15,9.884503285139727,-3.4,0.0,7.603689505693581,8.10349830729152,1,6,Winter,-3.4,0.0,2023,15
2023-01-16,7.144605005421666,-6.7,0.1,9.884503285139727,8.210932598751656,1,0,Winter,-6.7,0.1,2023,16
2023-01-17,7.481240116275859,-5.3,0.0,7.144605005421666,8.170116135612416,1,1,Winter,-5.3,0.0,2023,17
2023-01-18,5.978741260815632,-3.8,0.0,7.481240116275859,6.868195460837716,1,2,Winter,-3.8,0.0,2023,18
2023-01-19,5.005613439231856,-1.6,0.0,5.978741260815632,6.1551982721077785,1,3,Winter,-1.6,0.0,2023,19
2023-01-20,4.605181771543834,-1.3,0.0,5.005613439231856,5.196512157197104,1,4,Winter,-1.3,0.0,2023,20
2023-01-21,4.764468705912531,4.3,0.0,4.605181771543834,4.79175463889607,1,5,Winter,4.3,0.0,2023,21
2023-01-22,5.982027199105883,-1.1,1.0,4.764468705912531,5.117225892187412,1,6,Winter,-1.1,1.0,2023,22
2023-01-23,5.2799327101424405,-3.4,0.0,5.982027199105883,5.342142871720282,1,0,Winter,-3.4,0.0,2023,23
2023-01-24,5.246974909467727,-1.3,0.0,5.2799327101424405,5.502978272905346,1,1,Winter,-1.3,0.0,2023,24
2023-01-25,5.404145610171966,0.5,0.1,5.246974909467727,5.310351076594041,1,2,Winter,0.5,0.1,2023,25
2023-01-26,3.8426803071666478,4.2,0.0,5.404145610171966,4.831266942268777,1,3,Winter,4.2,0.0,2023,26
2023-01-27,5.1086423644081735,-6.1,9.3,3.8426803071666478,4.785156093915592,1,4,Winter,-6.1,9.3,2023,27
2023-01-28,4.462223982250916,-19.1,0.1,5.1086423644081735,4.471182217941909,1,5,Winter,-19.1,0.1,2023,28
2023-01-29,4.917895622895624,-16.3,0.0,4.462223982250916,4.8295873231849,1,6,Winter,-16.3,0.0,2023,29
2023-01-30,5.414983770459254,-9.0,0.5,4.917895622895624,4.931701125201928,1,0,Winter,-9.0,0.5,2023,30
2023-01-31,6.509703720760314,-10.5,0.0,5.414983770459254,5.6141943713717275,1,1,Winter,-10.5,0.0,2023,31
2023-02-01,8.36975504205939,-12.2,0.1,6.509703720760314,6.764814177759649,2,2,Winter,-12.2,0.1,2023,32
2023-02-02,7.825373671198109,-6.8,0.0,8.36975504205939,7.568277478005933,2,3,Winter,-6.8,0.0,2023,33
2023-02-03,5.140031327770458,3.1,0.0,7.825373671198109,7.111720013675981,2,4,Winter,3.1,0.0,2023,34
2023-02-04,5.474262716450217,0.9,0.0,5.140031327770458,6.14655590513959,2,5,Winter,0.9,0.0,2023,35
2023-02-05,7.070335348021057,0.2,0.0,5.474262716450217,5.894876464080575,2,6,Winter,0.2,0.0,2023,36
2023-02-06,6.957378577991421,-0.8,0.0,7.070335348021057,6.500658880820896,2,0,Winter,-0.8,0.0,2023,37
2023-02-07,6.060150191456362,1.8,0.0,6.957378577991421,6.695954705822943,2,1,Winter,1.8,0.0,2023,38
2023-02-08,6.562550324395239,-0.8,0.0,6.060150191456362,6.526693031281003,2,2,Winter,-0.8,0.0,2023,39
2023-02-09,6.521293185011158,-1.8,0.0,6.562550324395239,6.381331233620917,2,3,Winter,-1.8,0.0,2023,40
2023-02-10,4.375193236714976,0.1,0.0,6.521293185011158,5.819678915373788,2,4,Winter,0.1,0.0,2023,41
2023-02-11,4.145436074297967,1.2,0.0,4.375193236714976,5.013974165341364,2,5,Winter,1.2,0.0,2023,42
2023-02-12,5.750024371222461,3.9,0.0,4.145436074297967,4.756884560745131,2,6,Winter,3.9,0.0,2023,43
2023-02-13,6.044880014573536,2.3,0.0,5.750024371222461,5.313446820031317,2,0,Winter,2.3,0.0,2023,44
2023-02-14,6.436458558896085,-6.0,0.0,6.044880014573536,6.077120981564023,2,1,Winter,-6.0,0.0,2023,45
2023-02-15,6.705128939498505,-4.8,0.0,6.436458558896085,6.3954891709893715,2,2,Winter,-4.8,0.0,2023,46
2023-02-16,4.694246824029433,0.1,0.0,6.705128939498505,5.945278107474671,2,3,Winter,0.1,0.0,2023,47
2023-02-17,3.729762787301122,-1.8,0.0,4.694246824029433,5.043046183609683,2,4,Winter,-1.8,0.0,2023,48
2023-02-18,5.1497471965044594,-0.8,0.0,3.729762787301122,4.524585602611668,2,5,Winter,-0.8,0.0,2023,49
2023-02-19,6.4294271295984995,1.4,1.1,5.1497471965044594,5.102979037801357,2,6,Winter,1.4,1.1,2023,50
2023-02-20,4.853181314912069,-6.5,4.8,6.4294271295984995,5.4774518803383385,2,0,Winter,-6.5,4.8,2023,51
2023-02-21,4.196201190650466,-15.4,4.8,4.853181314912069,5.159603211720341,2,1,Winter,-15.4,4.8,2023,52
2023-02-22,4.052034441072804,-23.4,0.6,4.196201190650466,4.3671389822117765,2,2,Winter,-23.4,0.6,2023,53
2023-02-23,4.3734657153375185,-28.1,0.0,4.052034441072804,4.207233782353593,2,3,Winter,-28.1,0.0,2023,54
2023-02-24,4.838902906737767,-21.8,0.0,4.3734657153375185,4.421467687716026,2,4,Winter,-21.8,0.0,2023,55
2023-02-25,6.512140945293119,-14.0,0.0,4.838902906737767,5.241503189122798,2,5,Winter,-14.0,0.0,2023,56
2023-02-26,7.8734999016328935,-8.4,0.0,6.512140945293119,6.408181251221255,2,6,Winter,-8.4,0.0,2023,57
2023-02-27,7.143933353172484,-9.0,0.0,7.8734999016328935,7.176524733366162,2,0,Winter,-9.0,0.0,2023,58
2023-02-28,5.85374417033456,-11.9,3.0,7.143933353172484,6.957059141713309,2,1,Winter,-11.9,3.0,2023,59
2023-03-01,7.197291938688897,-8.2,0.0,5.85374417033456,6.731656487398642,3,2,Spring,-8.2,0.0,2023,60
2023-03-02,5.923211647410732,-0.8,0.0,7.197291938688897,6.324749252144726,3,3,Spring,-0.8,0.0,2023,61
2023-03-03,4.607748841444494,-5.1,0.3,5.923211647410732,5.909417475848038,3,4,Spring,-5.1,0.3,2023,62
2023-03-04,5.135705510705511,-10.8,0.2,4.607748841444494,5.222221999853576,3,5,Spring,-10.8,0.2,2023,63
2023-03-05,6.517857036878776,-14.0,1.5,5.135705510705511,5.420437129676256,3,6,Spring,-14.0,1.5,2023,64
2023-03-06,5.066889941889942,-18.7,0.1,6.517857036878776,5.573484163158073,3,0,Spring,-18.7,0.1,2023,65
2023-03-07,4.466154114427772,-15.7,0.0,5.066889941889942,5.3503003643988265,3,1,Spring,-15.7,0.0,2023,66
2023-03-08,4.754020958455246,-14.9,0.0,4.466154114427772,4.762355004924316,3,2,Spring,-14.9,0.0,2023,67
2023-03-09,5.094924612780604,-16.8,0.0,4.754020958455246,4.771699895221204,3,3,Spring,-16.8,0.0,2023,68
2023-03-10,5.020789190538123,-16.2,1.1,5.094924612780604,4.956578253924654,3,4,Spring,-16.2,1.1,2023,69
2023-03-11,5.057612677177895,-13.8,0.1,5.020789190538123,5.057775493498871,3,5,Spring,-13.8,0.1,2023,70
2023-03-12,5.869474887212042,-15.0,0.0,5.057612677177895,5.31595891830935,3,6,Spring,-15.0,0.0,2023,71
2023-03-13,6.903538631559979,-10.6,0.0,5.869474887212042,5.943542065316635,3,0,Spring,-10.6,0.0,2023,72
2023-03-14,4.904402865470059,-5.3,0.3,6.903538631559979,5.89247212808069,3,1,Spring,-5.3,0.3,2023,73
2023-03-15,5.39452250272169,-6.9,0.0,4.904402865470059,5.734154666583906,3,2,Spring,-6.9,0.0,2023,74
2023-03-16,6.493732308863888,-4.3,0.0,5.39452250272169,5.597552559018542,3,3,Spring,-4.3,0.0,2023,75
2023-03-17,7.424454592932854,-6.0,0.0,6.493732308863888,6.43756980150614,3,4,Spring,-6.0,0.0,2023,76
2023-03-18,7.103766810288549,-3.3,,7.424454592932854,7.007317904028426,3,5,Spring,-3.3,,2023,77
2023-03-19,7.276542599912165,-3.4,0.0,7.103766810288549,7.268254667711186,3,6,Spring,-3.4,0.0,2023,78
2023-03-20,9.519644471623202,-4.2,0.0,7.276542599912165,7.966651293941301,3,0,Spring,-4.2,0.0,2023,79
2023-03-21,8.346706556425227,-5.3,0.0,9.519644471623202,8.380964542653528,3,1,Spring,-5.3,0.0,2023,80
2023-03-22,8.39984525038873,-1.0,0.0,8.346706556425227,8.75539875947905,3,2,Spring,-1.0,0.0,2023,81
2023-03-23,7.56028028310637,-0.8,0.0,8.39984525038873,8.102277363306772,3,3,Spring,-0.8,0.0,2023,82
2023-03-24,5.267763468370886,-3.3,0.0,7.56028028310637,7.075963000621992,3,4,Spring,-3.3,0.0,2023,83
2023-03-25,5.903270837816961,-2.3,0.0,5.267763468370886,6.243771529764736,3,5,Spring,-2.3,0.0,2023,84
2023-03-26,4.831935345112832,-2.6,0.0,5.903270837816961,5.334323217100223,3,6,Spring,-2.6,0.0,2023,85
2023-03-27,5.514052563333254,-6.2,1.2,4.831935345112832,5.416419582087678,3,0,Spring,-6.2,1.2,2023,86
2023-03-28,6.251429666761474,-6.9,0.0,5.514052563333254,5.532472525069184,3,1,Spring,-6.9,0.0,2023,87
2023-03-29,6.625683819178065,-1.8,0.0,6.251429666761474,6.130388683090928,3,2,Spring,-1.8,0.0,2023,88
2023-03-30,6.246307586524978,-2.5,0.0,6.625683819178065,6.374473690821502,3,3,Spring,-2.5,0.0,2023,89
2023-03-31,7.237331688876312,2.0,0.0,6.246307586524978,6.703107698193115,3,4,Spring,2.0,0.0,2023,90
2023-04-01,5.685977735386884,4.4,0.0,7.237331688876312,6.389872336929387,4,5,Spring,4.4,0.0,2023,91
2023-04-02,4.366034973339143,0.8,0.0,5.685977735386884,5.763114799200776,4,6,Spring,0.8,0.0,2023,92
2023-04-03,5.255768799720031,-2.4,0.0,4.366034973339143,5.1025938361486824,4,0,Spring,-2.4,0.0,2023,93
2023-04-04,6.0165214504172395,-3.5,0.1,5.255768799720031,5.212775074492134,4,1,Spring,-3.5,0.1,2023,94
2023-04-05,5.359044566262623,-2.3,0.0,6.0165214504172395,5.543778272133295,4,2,Spring,-2.3,0.0,2023,95
2023-04-06,5.353929889403505,0.6,0.0,5.359044566262623,5.576498635361119,4,3,Spring,0.6,0.0,2023,96
2023-04-07,3.753563018885117,6.6,0.0,5.353929889403505,4.8221791581837445,4,4,Spring,6.6,0.0,2023,97
2023-04-08,4.635426783361566,8.4,0.0,3.753563018885117,4.580973230550058,4,5,Spring,8.4,0.0,2023,98
2023-04-09,4.495370703078213,9.9,0.0,4.635426783361566,4.294786835108295,4,6,Spring,9.9,0.0,2023,99
2023-04-10,5.667405876951332,7.3,0.3,4.495370703078213,4.9327344544636995,4,0,Spring,7.3,0.3,2023,100
2023-04-11,6.886309866759539,3.0,0.0,5.667405876951332,5.683028815596358,4,1,Spring,3.0,0.0,2023,101
2023-04-12,4.9743088327726825,0.7,0.7,6.886309866759539,5.842674858827848,4,2,Spring,0.7,0.7,2023,102
2023-04-13,7.2729937368684165,0.3,0.0,4.9743088327726825,6.377870812133543,4,3,Spring,0.3,0.0,2023,103
2023-04-14,7.051100457889235,1.0,0.0,7.2729937368684165,6.432801009176774,4,4,Spring,1.0,0.0,2023,104
2023-04-15,7.621875124765441,3.7,0.0,7.051100457889235,7.3153231065076945,4,5,Spring,3.7,0.0,2023,105
2023-04-16,7.0540187837621575,9.2,0.0,7.621875124765441,7.242331455472274,4,6,Spring,9.2,0.0,2023,106
2023-04-17,3.900896439305594,4.0,0.0,7.0540187837621575,6.1922634492777275,4,0,Spring,4.0,0.0,2023,107
2023-04-18,3.5171228637612866,1.0,0.0,3.900896439305594,4.824012695609675,4,1,Spring,1.0,0.0,2023,108
2023-04-19,3.840844485988912,1.9,0.0,3.5171228637612866,3.7529545963519273,4,2,Spring,1.9,0.0,2023,109
2023-04-20,4.140268150434391,-1.3,0.5,3.840844485988912,3.832745166728193,4,3,Spring,-1.3,0.5,2023,110
2023-04-21,4.979366186527312,-1.8,0.6,4.140268150434391,4.320159607650202,4,4,Spring,-1.8,0.6,2023,111
2023-04-22,5.385530408311825,2.3,0.0,4.979366186527312,4.835054915091173,4,5,Spring,2.3,0.0,2023,112
2023-04-23,4.927434386240537,6.2,0.0,5.385530408311825,5.097443660359889,4,6,Spring,6.2,0.0,2023,113
2023-04-24,4.687223150176915,9.3,0.0,4.927434386240537,5.000062648243089,4,0,Spring,9.3,0.0,2023,114
2023-04-25,5.3022820075701285,8.2,0.0,4.687223150176915,4.9723131813291905,4,1,Spring,8.2,0.0,2023,115
2023-04-26,5.758907891129452,7.7,0.0,5.3022820075701285,5.249471016292161,4,2,Spring,7.7,0.0,2023,116
2023-04-27,6.2789532705397,7.8,4.1,5.758907891129452,5.780047723079757,4,3,Spring,7.8,4.1,2023,117
2023-04-28,6.651606918183005,12.5,0.0,6.2789532705397,6.229822693284049,4,4,Spring,12.5,0.0,2023,118
2023-04-29,6.29677425873078,11.5,0.0,6.651606918183005,6.409111482484491,4,5,Spring,11.5,0.0,2023,119
2023-04-30,5.239017781025454,12.7,0.0,6.29677425873078,6.062466319313077,4,6,Spring,12.7,0.0,2023,120
2023-05-01,5.251390421909067,15.8,0.0,5.239017781025454,5.595727487221763,5,0,Spring,15.8,0.0,2023,121
2023-05-02,5.076770321795025,15.4,0.0,5.251390421909067,5.1890595082431785,5,1,Spring,15.4,0.0,2023,122
2023-05-03,5.602910256084922,16.4,0.0,5.076770321795025,5.310356999929668,5,2,Spring,16.4,0.0,2023,123
2023-05-04,6.396143273881616,16.9,0.0,5.602910256084922,5.691941283920517,5,3,Spring,16.9,0.0,2023,124
2023-05-05,8.49708079917332,14.5,0.0,6.396143273881616,6.8320447763799494,5,4,Spring,14.5,0.0,2023,125
2023-05-06,9.519720924661636,8.5,0.2,8.49708079917332,8.137648332572187,5,5,Spring,8.5,0.2,2023,126
2023-05-07,6.8927700922266135,10.3,0.0,9.519720924661636,8.303190605353853,5,6,Spring,10.3,0.0,2023,127
2023-05-08,6.010257045326215,10.4,7.1,6.8927700922266135,7.474249354071485,5,0,Spring,10.4,7.1,2023,128
2023-05-09,6.755446972848939,9.8,0.0,6.010257045326215,6.552824703467252,5,1,Spring,9.8,0.0,2023,129
2023-05-10,8.643318062637622,9.9,0.0,6.755446972848939,7.136340693604256,5,2,Spring,9.9,0.0,2023,130
2023-05-11,8.831671312489727,10.5,0.6,8.643318062637622,8.076812115992093,5,3,Spring,10.5,0.6,2023,131
2023-05-12,9.991309496149736,11.7,0.0,8.831671312489727,9.155432957092357,5,4,Spring,11.7,0.0,2023,132
2023-05-13,10.406881343371786,14.7,0.0,9.991309496149736,9.743287384003745,5,5,Spring,14.7,0.0,2023,133
2023-05-14,8.985988886757557,14.5,0.0,10.406881343371786,9.794726575426356,5,6,Spring,14.5,0.0,2023,134
2023-05-15,12.130906036276881,18.4,0.0,8.985988886757557,10.507925422135406,5,0,Spring,18.4,0.0,2023,135
2023-05-16,25.032825890326897,15.0,0.0,12.130906036276881,15.383240271120442,5,1,Spring,15.0,0.0,2023,136
2023-05-17,26.701479679740547,13.1,0.0,25.032825890326897,21.28840386878144,5,2,Spring,13.1,0.0,2023,137
2023-05-18,23.189437812776976,11.5,0.0,26.701479679740547,24.9745811276148,5,3,Spring,11.5,0.0,2023,138
2023-05-19,29.71518634075842,17.0,0.0,23.189437812776976,26.535367944425314,5,4,Spring,17.0,0.0,2023,139
2023-05-20,56.15852955918192,18.5,0.0,29.71518634075842,36.35438457090577,5,5,Spring,18.5,0.0,2023,140
2023-05-21,48.705766852195424,18.7,0.0,56.15852955918192,44.859827584045256,5,6,Spring,18.7,0.0,2023,141
2023-05-22,24.74964075859423,16.0,16.8,48.705766852195424,43.20464572332386,5,0,Spring,16.0,16.8,2023,142
2023-05-23,13.836446486894056,13.2,0.0,24.74964075859423,29.0972846992279,5,1,Spring,13.2,0.0,2023,143
2023-05-24,8.334380647106409,13.2,0.0,13.836446486894056,15.640155964198229,5,2,Spring,13.2,0.0,2023,144
2023-05-25,9.948096296881463,13.1,0.0,8.334380647106409,10.706307810293973,5,3,Spring,13.1,0.0,2023,145
2023-05-26,9.68334890341256,12.8,0.0,9.948096296881463,9.321941949133475,5,4,Spring,12.8,0.0,2023,146
2023-05-27,9.22587329409412,14.6,0.0,9.68334890341256,9.619106164796046,5,5,Spring,14.6,0.0,2023,147
2023-05-28,8.982845179633717,16.4,0.3,9.22587329409412,9.297355792380129,5,6,Spring,16.4,0.3,2023,148
2023-05-29,8.09282679024668,17.2,0.0,8.982845179633717,8.76718175465817,5,0,Spring,17.2,0.0,2023,149
2023-05-30,12.811384624256494,18.1,0.0,8.09282679024668,9.962352198045627,5,1,Spring,18.1,0.0,2023,150
2023-05-31,17.801873260225662,17.1,0.0,12.811384624256494,12.902028224909609,5,2,Spring,17.1,0.0,2023,151
2023-06-01,13.932410749802054,9.8,0.0,17.801873260225662,14.848556211428068,6,3,Summer,9.8,0.0,2023,152
2023-06-02,18.102652546590527,12.0,0.0,13.932410749802054,16.612312185539412,6,4,Summer,12.0,0.0,2023,153
2023-06-03,15.70121184509393,15.5,0.0,18.102652546590527,15.912091713828834,6,5,Summer,15.5,0.0,2023,154
2023-06-04,9.533721815172349,18.7,0.0,15.70121184509393,14.445862068952266,6,6,Summer,18.7,0.0,2023,155
2023-06-05,13.046780895508656,18.8,0.0,9.533721815172349,12.760571518591645,6,0,Summer,18.8,0.0,2023,156
2023-06-06,21.161332531868112,16.1,0.0,13.046780895508656,14.580611747516372,6,1,Summer,16.1,0.0,2023,157
2023-06-07,21.485539024622348,18.6,0.0,21.161332531868112,18.56455081733304,6,2,Summer,18.6,0.0,2023,158
2023-06-08,18.0305136125334,20.0,0.0,21.485539024622348,20.225795056341287,6,3,Summer,20.0,0.0,2023,159
2023-06-09,18.555868171110156,20.2,0.0,18.0305136125334,19.357306936088634,6,4,Summer,20.2,0.0,2023,160
2023-06-10,17.710657877947146,18.4,0.0,18.555868171110156,18.099013220530235,6,5,Summer,18.4,0.0,2023,161
2023-06-11,18.673879028427216,18.1,0.0,17.710657877947146,18.313468359161508,6,6,Summer,18.1,0.0,2023,162
2023-06-12,26.462966777352964,19.7,0.0,18.673879028427216,20.949167894575776,6,0,Summer,19.7,0.0,2023,163
2023-06-13,20.453516694844517,21.5,5.9,26.462966777352964,21.8634541668749,6,1,Summer,21.5,5.9,2023,164
2023-06-14,15.574684805889719,11.3,24.2,20.453516694844517,20.83038942602907,6,2,Summer,11.3,24.2,2023,165
2023-06-15,15.304068110775273,11.7,9.6,15.574684805889719,17.110756537169838,6,3,Summer,11.7,9.6,2023,166
2023-06-16,16.60819056696483,15.7,0.0,15.304068110775273,15.828981161209938,6,4,Summer,15.7,0.0,2023,167
2023-06-17,8.812485873225004,15.5,0.0,16.60819056696483,13.574914850321703,6,5,Summer,15.5,0.0,2023,168
2023-06-18,8.607621017267757,10.1,1.9,8.812485873225004,11.342765819152527,6,6,Summer,10.1,1.9,2023,169
2023-06-19,6.618220695568522,9.7,1.8,8.607621017267757,8.012775862020426,6,0,Summer,9.7,1.8,2023,170
2023-06-20,6.332170522606276,6.2,12.1,6.618220695568522,7.18600407848085,6,1,Summer,6.2,12.1,2023,171
2023-06-21,8.060157301957634,10.1,2.9,6.332170522606276,7.003516173377476,6,2,Summer,10.1,2.9,2023,172
2023-06-22,9.486336612173782,11.7,0.0,8.060157301957634,7.959554812245895,6,3,Summer,11.7,0.0,2023,173
2023-06-23,9.93967785156414,14.0,0.0,9.486336612173782,9.16205725523185,6,4,Summer,14.0,0.0,2023,174
2023-06-24,13.150112762496303,16.5,0.0,9.93967785156414,10.858709075411406,6,5,Summer,16.5,0.0,2023,175
2023-06-25,45.52831527104982,15.0,0.0,13.150112762496303,22.872701961703417,6,6,Summer,15.0,0.0,2023,176
2023-06-26,20.282055503772654,17.4,0.0,45.52831527104982,26.320161179106254,6,0,Summer,17.4,0.0,2023,177
2023-06-27,16.603149125880588,17.6,0.9,20.282055503772654,27.47117330023435,6,1,Summer,17.6,0.9,2023,178
2023-06-28,21.792648708544245,18.1,1.4,16.603149125880588,19.559284446065828,6,2,Summer,18.1,1.4,2023,179
2023-06-29,17.26512309649838,19.4,1.7,21.792648708544245,18.55364031030774,6,3,Summer,19.4,1.7,2023,180
2023-06-30,23.444346142058563,21.3,0.0,17.26512309649838,20.834039315700394,6,4,Summer,21.3,0.0,2023,181
2023-07-01,19.467842870384715,21.5,,23.444346142058563,20.059104036313883,7,5,Summer,21.5,,2023,182
2023-07-02,15.460292025531292,13.9,0.5,19.467842870384715,19.457493679324852,7,6,Summer,13.9,0.5,2023,183
2023-07-03,10.191816473486282,12.8,0.0,15.460292025531292,15.039983789800763,7,0,Summer,12.8,0.0,2023,184
2023-07-04,10.560706046899512,13.0,15.6,10.191816473486282,12.070938181972359,7,1,Summer,13.0,15.6,2023,185
2023-07-05,11.52357777403544,15.2,0.0,10.560706046899512,10.758700098140409,7,2,Summer,15.2,0.0,2023,186
2023-07-06,12.78563518889634,17.6,2.6,11.52357777403544,11.623306336610426,7,3,Summer,17.6,2.6,2023,187
2023-07-07,12.914311870896766,17.7,0.0,12.78563518889634,12.407841611276178,7,4,Summer,17.7,0.0,2023,188
2023-07-08,15.55270919896879,18.0,0.0,12.914311870896766,13.750885419587297,7,5,Summer,18.0,0.0,2023,189
2023-07-09,14.005013288421218,20.5,3.7,15.55270919896879,14.157344786095587,7,6,Summer,20.5,3.7,2023,190
2023-07-10,11.702403278462675,19.3,0.9,14.005013288421218,13.753375255284226,7,0,Summer,19.3,0.9,2023,191
2023-07-11,10.309121585429228,15.9,0.8,11.702403278462675,12.005512717437705,7,1,Summer,15.9,0.8,2023,192
2023-07-12,16.17642859992197,16.7,0.0,10.309121585429228,12.72931782127129,7,2,Summer,16.7,0.0,2023,193
2023-07-13,29.809821406416248,17.9,0.0,16.17642859992197,18.76512386392248,7,3,Summer,17.9,0.0,2023,194
2023-07-14,38.15585653541883,17.9,0.0,29.809821406416248,28.047368847252347,7,4,Summer,17.9,0.0,2023,195
2023-07-15,32.862814608901566,18.9,1.1,38.15585653541883,33.60949751691221,7,5,Summer,18.9,1.1,2023,196
2023-07-16,23.53867219736785,19.7,0.0,32.862814608901566,31.519114447229413,7,6,Summer,19.7,0.0,2023,197
2023-07-17,17.747194996076967,15.9,7.1,23.53867219736785,24.71622726744879,7,0,Summer,15.9,7.1,2023,198
2023-07-18,15.441776269786635,15.6,0.0,17.747194996076967,18.909214487743817,7,1,Summer,15.6,0.0,2023,199
2023-07-19,11.851958772196753,17.0,0.0,15.441776269786635,15.013643346020118,7,2,Summer,17.0,0.0,2023,200
2023-07-20,15.329588435779092,19.4,0.0,11.851958772196753,14.207774492587495,7,3,Summer,19.4,0.0,2023,201
2023-07-21,17.18253847870133,20.8,1.0,15.329588435779092,14.788028562225724,7,4,Summer,20.8,1.0,2023,202
2023-07-22,14.19776180692193,21.5,0.0,17.18253847870133,15.569962907134117,7,5,Summer,21.5,0.0,2023,203
2023-07-23,13.179936260556971,21.5,0.0,14.19776180692193,14.853412182060076,7,6,Summer,21.5,0.0,2023,204
2023-07-24,12.842271738448487,24.4,0.0,13.179936260556971,13.406656601975797,7,0,Summer,24.4,0.0,2023,205
2023-07-25,11.150665208481502,19.4,0.0,12.842271738448487,12.390957735828986,7,1,Summer,19.4,0.0,2023,206
2023-07-26,11.53014096084974,16.5,0.0,11.150665208481502,11.84102596925991,7,2,Summer,16.5,0.0,2023,207
2023-07-27,9.864702242395236,13.3,2.6,11.53014096084974,10.848502803908827,7,3,Summer,13.3,2.6,2023,208
2023-07-28,10.776546565607013,11.8,5.6,9.864702242395236,10.72379658961733,7,4,Summer,11.8,5.6,2023,209
2023-07-29,6.601852159532998,17.3,0.0,10.776546565607013,9.081033655845081,7,5,Summer,17.3,0.0,2023,210
2023-07-30,5.934661307418744,21.3,,6.601852159532998,7.771020010852918,7,6,Summer,21.3,,2023,211
2023-07-31,7.026713483980214,19.7,0.0,5.934661307418744,6.521075650310652,7,0,Summer,19.7,0.0,2023,212
2023-08-01,8.711900446060568,19.5,0.0,7.026713483980214,7.224425079153175,8,1,Summer,19.5,0.0,2023,213
2023-08-02,10.662133429924703,20.4,0.0,8.711900446060568,8.800249119988495,8,2,Summer,20.4,0.0,2023,214
2023-08-03,12.025934682695839,18.5,0.0,10.662133429924703,10.466656186227036,8,3,Summer,18.5,0.0,2023,215
2023-08-04,11.860819243705945,19.7,0.0,12.025934682695839,11.516295785442162,8,4,Summer,19.7,0.0,2023,216
2023-08-05,12.820355044590473,17.5,0.0,11.860819243705945,12.235702990330752,8,5,Summer,17.5,0.0,2023,217
2023-08-06,15.682903493530238,18.9,0.0,12.820355044590473,13.45469259394222,8,6,Summer,18.9,0.0,2023,218
2023-08-07,11.975378198923094,17.9,6.8,15.682903493530238,13.492878912347933,8,0,Summer,17.9,6.8,2023,219
2023-08-08,10.26880222888228,18.4,1.8,11.975378198923094,12.64236130711187,8,1,Summer,18.4,1.8,2023,220
2023-08-09,9.279914344507604,18.6,0.0,10.26880222888228,10.508031590770992,8,2,Summer,18.6,0.0,2023,221
2023-08-10,7.87084370383924,17.3,0.0,9.279914344507604,9.139853425743041,8,3,Summer,17.3,0.0,2023,222
2023-08-11,4.873805268718333,15.3,0.0,7.87084370383924,7.3415211056883924,8,4,Summer,15.3,0.0,2023,223
2023-08-12,5.855699931899637,17.0,2.9,4.873805268718333,6.200116301485736,8,5,Summer,17.0,2.9,2023,224
2023-08-13,6.003886228803367,18.2,0.0,5.855699931899637,5.5777971431404465,8,6,Summer,18.2,0.0,2023,225
2023-08-14,11.869195266935051,22.0,0.0,6.003886228803367,7.9095938092126845,8,0,Summer,22.0,0.0,2023,226
2023-08-15,13.734960411935374,23.2,0.0,11.869195266935051,10.536013969224598,8,1,Summer,23.2,0.0,2023,227
2023-08-16,17.41374977733188,20.1,0.0,13.734960411935374,14.339301818734102,8,2,Summer,20.1,0.0,2023,228
2023-08-17,14.666140740716576,23.4,0.0,17.41374977733188,15.271616976661278,8,3,Summer,23.4,0.0,2023,229
2023-08-18,11.15722692238951,16.5,2.3,14.666140740716576,14.41237248014599,8,4,Summer,16.5,2.3,2023,230
2023-08-19,13.764696550968873,10.9,0.0,11.15722692238951,13.196021404691654,8,5,Summer,10.9,0.0,2023,231
2023-08-20,22.436333521550914,12.1,0.0,13.764696550968873,15.786085664969766,8,6,Summer,12.1,0.0,2023,232
2023-08-21,18.597886855783763,12.7,0.6,22.436333521550914,18.26630564276785,8,0,Summer,12.7,0.6,2023,233
2023-08-22,11.143832448100762,16.3,4.5,18.597886855783763,17.392684275145147,8,1,Summer,16.3,4.5,2023,234
2023-08-23,11.198902692741568,16.5,0.8,11.143832448100762,13.646873998875364,8,2,Summer,16.5,0.8,2023,235
2023-08-24,15.41233153678806,12.7,0.0,11.198902692741568,12.585022225876797,8,3,Summer,12.7,0.0,2023,236
2023-08-25,20.08584011773371,15.0,0.0,15.41233153678806,15.56569144908778,8,4,Summer,15.0,0.0,2023,237
2023-08-26,17.40525518811964,18.6,0.0,20.08584011773371,17.6344756142138,8,5,Summer,18.6,0.0,2023,238
2023-08-27,25.57215355132351,19.0,0.0,17.40525518811964,21.021082952392288,8,6,Summer,19.0,0.0,2023,239
2023-08-28,23.266311370738045,20.1,0.0,25.57215355132351,22.081240036727063,8,0,Summer,20.1,0.0,2023,240
2023-08-29,19.220500102341536,20.3,0.0,23.266311370738045,22.686321674801032,8,1,Summer,20.3,0.0,2023,241
2023-08-30,13.953157835210867,18.6,0.3,19.220500102341536,18.81332310276348,8,2,Summer,18.6,0.3,2023,242
2023-08-31,17.718420269128732,16.0,23.1,13.953157835210867,16.964026068893713,8,3,Summer,16.0,23.1,2023,243
2023-09-01,18.74998857950624,18.8,0.0,17.718420269128732,16.80718889461528,9,4,Fall,18.8,0.0,2023,244
2023-09-02,35.58107976392138,22.0,0.0,18.74998857950624,24.016496204185454,9,5,Fall,22.0,0.0,2023,245
2023-09-03,45.161011018990926,15.2,0.0,35.58107976392138,33.16402645413952,9,6,Fall,15.2,0.0,2023,246
2023-09-04,26.140853999026827,10.1,5.8,45.161011018990926,35.627648260646374,9,0,Fall,10.1,5.8,2023,247
2023-09-05,17.730159919398492,15.0,0.2,26.140853999026827,29.677341645805416,9,1,Fall,15.0,0.2,2023,248
2023-09-06,14.544282369367291,12.5,1.4,17.730159919398492,19.471765429264206,9,2,Fall,12.5,1.4,2023,249
2023-09-07,10.969100865535347,12.1,0.0,14.544282369367291,14.414514384767044,9,3,Fall,12.1,0.0,2023,250
2023-09-08,8.397075373350384,12.5,0.0,10.969100865535347,11.303486202751008,9,4,Fall,12.5,0.0,2023,251
2023-09-09,8.830750314408911,13.4,0.0,8.397075373350384,9.398975517764882,9,5,Fall,13.4,0.0,2023,252
2023-09-10,8.53653337131598,13.4,0.0,8.830750314408911,8.588119686358425,9,6,Fall,13.4,0.0,2023,253
2023-09-11,8.408898126795112,15.1,0.0,8.53653337131598,8.592060604173334,9,0,Fall,15.1,0.0,2023,254
2023-09-12,11.601393106906775,18.5,0.4,8.408898126795112,9.515608201672622,9,1,Fall,18.5,0.4,2023,255
2023-09-13,11.514636024530525,15.4,0.0,11.601393106906775,10.50830908607747,9,2,Fall,15.4,0.0,2023,256
2023-09-14,10.426716420642252,12.8,0.0,11.514636024530525,11.180915184026517,9,3,Fall,12.8,0.0,2023,257
2023-09-15,12.198767005080944,14.3,0.0,10.426716420642252,11.38003981675124,9,4,Fall,14.3,0.0,2023,258
2023-09-16,23.44496270533664,19.7,0.0,12.198767005080944,15.356815377019947,9,5,Fall,19.7,0.0,2023,259
2023-09-17,24.31710635415572,17.6,0.0,23.44496270533664,19.986945354857767,9,6,Fall,17.6,0.0,2023,260
2023-09-18,16.668569572057592,14.4,1.5,24.31710635415572,21.476879543849986,9,0,Fall,14.4,1.5,2023,261
2023-09-19,7.354512117219627,8.5,2.1,16.668569572057592,16.113396014477647,9,1,Fall,8.5,2.1,2023,262
2023-09-20,11.63217380585173,6.6,0.0,7.354512117219627,11.885085165042982,9,2,Fall,6.6,0.0,2023,263
2023-09-21,10.796744270385574,9.1,0.0,11.63217380585173,9.927810064485643,9,3,Fall,9.1,0.0,2023,264
2023-09-22,10.933732720403201,11.6,0.0,10.796744270385574,11.120883598880168,9,4,Fall,11.6,0.0,2023,265
2023-09-23,10.270274361898402,14.5,0.0,10.933732720403201,10.666917117562392,9,5,Fall,14.5,0.0,2023,266
2023-09-24,10.278722918957472,13.6,0.0,10.270274361898402,10.494243333753024,9,6,Fall,13.6,0.0,2023,267
2023-09-25,12.045716529772259,11.2,0.0,10.278722918957472,10.86490460354271,9,0,Fall,11.2,0.0,2023,268
2023-09-26,8.345015146272221,15.4,0.0,12.045716529772259,10.223151531667318,9,1,Fall,15.4,0.0,2023,269
2023-09-27,9.150060836788526,11.6,0.0,8.345015146272221,9.846930837611003,9,2,Fall,11.6,0.0,2023,270
2023-09-28,11.27973603885234,9.8,0.3,9.150060836788526,9.591604007304364,9,3,Fall,9.8,0.3,2023,271
2023-09-29,13.799984215389355,6.5,0.0,11.27973603885234,11.409927030343406,9,4,Fall,6.5,0.0,2023,272
2023-09-30,14.087816027199588,5.0,4.7,13.799984215389355,13.055845427147096,9,5,Fall,5.0,4.7,2023,273
2023-10-01,9.967743478433546,7.8,0.6,14.087816027199588,12.618514573674162,10,6,Fall,7.8,0.6,2023,274
2023-10-02,7.133404516534355,9.5,0.0,9.967743478433546,10.396321340722496,10,0,Fall,9.5,0.0,2023,275
2023-10-03,7.72750695511409,8.1,0.0,7.133404516534355,8.276218316693997,10,1,Fall,8.1,0.0,2023,276
2023-10-04,7.152131339553589,7.3,0.1,7.72750695511409,7.337680937067344,10,2,Fall,7.3,0.1,2023,277
2023-10-05,6.697201275349114,4.9,0.0,7.152131339553589,7.192279856672265,10,3,Fall,4.9,0.0,2023,278
2023-10-06,5.200955132921536,9.9,0.0,6.697201275349114,6.350095915941413,10,4,Fall,9.9,0.0,2023,279
2023-10-07,4.745802332580176,13.2,0.0,5.200955132921536,5.547986246950276,10,5,Fall,13.2,0.0,2023,280
2023-10-08,4.683888534563116,13.5,0.0,4.745802332580176,4.8768820000216095,10,6,Fall,13.5,0.0,2023,281
2023-10-09,4.739675511285733,15.1,0.0,4.683888534563116,4.723122126143008,10,0,Fall,15.1,0.0,2023,282
2023-10-10,4.582528489738171,14.6,0.0,4.739675511285733,4.66869751186234,10,1,Fall,14.6,0.0,2023,283
2023-10-11,5.0795540092359,8.1,8.3,4.582528489738171,4.800586003419935,10,2,Fall,8.1,8.3,2023,284
2023-10-12,5.206951369075561,7.5,4.0,5.0795540092359,4.956344622683211,10,3,Fall,7.5,4.0,2023,285
2023-10-13,4.974713733875974,6.4,0.0,5.206951369075561,5.087073037395812,10,4,Fall,6.4,0.0,2023,286
2023-10-14,4.36496180137234,7.9,0.0,4.974713733875974,4.8488756347746245,10,5,Fall,7.9,0.0,2023,287
2023-10-15,3.8273111297304845,11.1,0.0,4.36496180137234,4.388995554992933,10,6,Fall,11.1,0.0,2023,288
2023-10-16,4.408633142053299,6.9,0.0,3.8273111297304845,4.200302024385374,10,0,Fall,6.9,0.0,2023,289
2023-10-17,5.2227049341639615,10.6,7.5,4.408633142053299,4.486216401982581,10,1,Fall,10.6,7.5,2023,290
2023-10-18,5.438629268216864,12.7,0.1,5.2227049341639615,5.023322448144708,10,2,Fall,12.7,0.1,2023,291
2023-10-19,5.567974150701944,13.1,0.0,5.438629268216864,5.40976945102759,10,3,Fall,13.1,0.0,2023,292
2023-10-20,5.892183216980648,6.1,0.0,5.567974150701944,5.632928878633152,10,4,Fall,6.1,0.0,2023,293
2023-10-21,4.856847697756789,4.6,0.0,5.892183216980648,5.439001688479794,10,5,Fall,4.6,0.0,2023,294
2023-10-22,4.584858759110853,3.1,0.0,4.856847697756789,5.11129655794943,10,6,Fall,3.1,0.0,2023,295
2023-10-23,4.21095434338106,-2.8,7.1,4.584858759110853,4.550886933416234,10,0,Fall,-2.8,7.1,2023,296
2023-10-24,5.291411997198443,-10.6,2.0,4.21095434338106,4.695741699896785,10,1,Fall,-10.6,2.0,2023,297
2023-10-25,7.42459190672168,-12.5,0.0,5.291411997198443,5.642319415767061,10,2,Fall,-12.5,0.0,2023,298
2023-10-26,8.25068368836709,-12.0,0.2,7.42459190672168,6.988895864095738,10,3,Fall,-12.0,0.2,2023,299
2023-10-27,7.142066989390392,-8.2,0.2,8.25068368836709,7.605780861493055,10,4,Fall,-8.2,0.2,2023,300
2023-10-28,6.471373487568143,-5.0,0.0,7.142066989390392,7.288041388441875,10,5,Fall,-5.0,0.0,2023,301
2023-10-29,5.824372526157528,-3.5,0.3,6.471373487568143,6.479271001038687,10,6,Fall,-3.5,0.3,2023,302
2023-10-30,6.430819696612535,-0.3,0.0,5.824372526157528,6.242188570112735,10,0,Fall,-0.3,0.0,2023,303
2023-10-31,7.853095508544408,1.9,0.0,6.430819696612535,6.702762577104823,10,1,Fall,1.9,0.0,2023,304
2023-11-01,9.055558074576247,,,7.853095508544408,7.77982442657773,11,2,Fall,,,2023,305
2023-11-02,7.712265719329254,1.4,1.0,9.055558074576247,8.206973100816636,11,3,Fall,1.4,1.0,2023,306
2023-11-03,8.056658175173947,4.1,0.0,7.712265719329254,8.274827323026482,11,4,Fall,4.1,0.0,2023,307
2023-11-04,7.982464816279171,5.6,0.0,8.056658175173947,7.917129570260791,11,5,Fall,5.6,0.0,2023,308
2023-11-05,7.355003837580564,8.2,0.0,7.982464816279171,7.79804227634456,11,6,Fall,8.2,0.0,2023,309
2023-11-06,6.467107944859456,2.6,0.0,7.355003837580564,7.268192199573062,11,0,Fall,2.6,0.0,2023,310
2023-11-07,5.447929377563244,2.8,0.0,6.467107944859456,6.423347053334421,11,1,Fall,2.8,0.0,2023,311
2023-11-08,4.342133029986412,0.6,0.0,5.447929377563244,5.4190567841363695,11,2,Fall,0.6,0.0,2023,312
2023-11-09,5.204093183738339,0.3,0.0,4.342133029986412,4.998051863762664,11,3,Fall,0.3,0.0,2023,313
2023-11-10,4.781305577659387,2.8,0.0,5.204093183738339,4.775843930461378,11,4,Fall,2.8,0.0,2023,314
2023-11-11,3.7062444997227604,3.2,0.0,4.781305577659387,4.563881087040161,11,5,Fall,3.2,0.0,2023,315
2023-11-12,4.103427312954167,2.9,0.0,3.7062444997227604,4.196992463445437,11,6,Fall,2.9,0.0,2023,316
2023-11-13,5.530041699063438,4.4,0.0,4.103427312954167,4.446571170580121,11,0,Fall,4.4,0.0,2023,317
2023-11-14,6.0986580113010325,0.2,0.0,5.530041699063438,5.244042341106212,11,1,Fall,0.2,0.0,2023,318
2023-11-15,6.499741552091511,-1.3,2.7,6.0986580113010325,6.042813754151993,11,2,Fall,-1.3,2.7,2023,319
2023-11-16,8.413249203466595,-2.0,0.2,6.499741552091511,7.003882922286379,11,3,Fall,-2.0,0.2,2023,320
2023-11-17,7.32856052874575,7.9,0.0,8.413249203466595,7.413850428101284,11,4,Fall,7.9,0.0,2023,321
2023-11-18,5.64947089211795,4.0,0.0,7.32856052874575,7.130426874776764,11,5,Fall,4.0,0.0,2023,322
2023-11-19,5.031631791493094,6.2,0.1,5.64947089211795,6.003221070785597,11,6,Fall,6.2,0.1,2023,323
2023-11-20,4.2889758354440675,1.1,0.0,5.031631791493094,4.99002617301837,11,0,Fall,1.1,0.0,2023,324
2023-11-21,5.193825199717648,5.3,0.0,4.2889758354440675,4.838144275551603,11,1,Fall,5.3,0.0,2023,325
2023-11-22,5.552221026830665,0.0,0.6,5.193825199717648,5.011674020664127,11,2,Fall,0.0,0.6,2023,326
2023-11-23,6.3531711455105,-2.8,0.1,5.552221026830665,5.699739124019604,11,3,Fall,-2.8,0.1,2023,327
2023-11-24,4.751009270681978,-3.7,0.0,6.3531711455105,5.5521338143410475,11,4,Fall,-3.7,0.0,2023,328
2023-11-25,5.577729128990018,-1.0,0.0,4.751009270681978,5.560636515060832,11,5,Fall,-1.0,0.0,2023,329
2023-11-26,6.7832281392063996,-1.1,0.0,5.577729128990018,5.703988846292798,11,6,Fall,-1.1,0.0,2023,330
2023-11-27,5.379782577410195,0.8,0.0,6.7832281392063996,5.913579948535538,11,0,Fall,0.8,0.0,2023,331
2023-11-28,4.621701981097455,1.7,0.0,5.379782577410195,5.594904232571349,11,1,Fall,1.7,0.0,2023,332
2023-11-29,5.909283800156343,-2.3,0.0,4.621701981097455,5.303589452887997,11,2,Fall,-2.3,0.0,2023,333
2023-11-30,8.528168971535194,-5.2,0.0,5.909283800156343,6.353051584262997,11,3,Fall,-5.2,0.0,2023,334
2023-12-01,9.304913888839668,-5.7,0.0,8.528168971535194,7.914122220177068,12,4,Winter,-5.7,0.0,2023,335
2023-12-02,7.610665994726769,-2.5,0.0,9.304913888839668,8.48124961836721,12,5,Winter,-2.5,0.0,2023,336
2023-12-03,5.8529479578392625,-1.9,0.0,7.610665994726769,7.589509280468566,12,6,Winter,-1.9,0.0,2023,337
2023-12-04,4.3207320442379,4.3,0.0,5.8529479578392625,5.928115332267976,12,0,Winter,4.3,0.0,2023,338
2023-12-05,5.427047154281995,8.2,0.0,4.3207320442379,5.200242385453052,12,1,Winter,8.2,0.0,2023,339
2023-12-06,5.950834701891372,2.2,0.0,5.427047154281995,5.232871300137089,12,2,Winter,2.2,0.0,2023,340
2023-12-07,7.354457767379389,0.1,3.5,5.950834701891372,6.244113207850918,12,3,Winter,0.1,3.5,2023,341
2023-12-08,8.193632862111123,-4.4,5.9,7.354457767379389,7.1663084437939615,12,4,Winter,-4.4,5.9,2023,342
2023-12-09,6.933634992458521,-6.9,0.0,8.193632862111123,7.493908540649677,12,5,Winter,-6.9,0.0,2023,343
2023-12-10,6.02126976284585,0.9,0.0,6.933634992458521,7.049512539138497,12,6,Winter,0.9,0.0,2023,344
2023-12-11,3.9485749709862983,-3.9,0.0,6.02126976284585,5.634493242096888,12,0,Winter,-3.9,0.0,2023,345
2023-12-12,4.88803559384223,-3.2,0.0,3.9485749709862983,4.952626775891457,12,1,Winter,-3.2,0.0,2023,346
2023-12-13,4.24490616839015,2.5,0.0,4.88803559384223,4.360505577739558,12,2,Winter,2.5,0.0,2023,347
2023-12-14,5.216130792960174,4.6,1.0,4.24490616839015,4.783024185064183,12,3,Winter,4.6,1.0,2023,348
2023-12-15,8.725135281385281,-1.0,0.0,5.216130792960174,6.0620574142452,12,4,Winter,-1.0,0.0,2023,349
2023-12-16,7.070836597467032,4.4,0.0,8.725135281385281,7.004034223937494,12,5,Winter,4.4,0.0,2023,350
2023-12-17,6.435790039050909,0.5,0.0,7.070836597467032,7.4105873059677405,12,6,Winter,0.5,0.0,2023,351
2023-12-18,5.028449167105004,3.1,0.0,6.435790039050909,6.1783586012076475,12,0,Winter,3.1,0.0,2023,352
2023-12-19,4.494981923697886,-2.2,0.0,5.028449167105004,5.319740376617932,12,1,Winter,-2.2,0.0,2023,353
2023-12-20,6.53303924336533,3.0,0.0,4.494981923697886,5.352156778056073,12,2,Winter,3.0,0.0,2023,354
2023-12-21,4.838151410586193,2.6,0.0,6.53303924336533,5.288724192549802,12,3,Winter,2.6,0.0,2023,355
2023-12-22,4.965665420885737,5.3,0.0,4.838151410586193,5.445618691612419,12,4,Winter,5.3,0.0,2023,356
2023-12-23,6.437346115095476,-3.2,1.2,4.965665420885737,5.413720982189134,12,5,Winter,-3.2,1.2,2023,357
2023-12-24,8.532170094085243,-7.1,0.0,6.437346115095476,6.645060543355484,12,6,Winter,-7.1,0.0,2023,358
2023-12-25,9.561612401561776,-4.8,0.0,8.532170094085243,8.177042870247497,12,0,Winter,-4.8,0.0,2023,359
2023-12-26,7.992246731408111,0.4,0.0,9.561612401561776,8.695343075685042,12,1,Winter,0.4,0.0,2023,360
2023-12-27,6.533033489116546,-0.5,0.0,7.992246731408111,8.028964207362144,12,2,Winter,-0.5,0.0,2023,361
2023-12-28,5.172338704259867,4.9,0.0,6.533033489116546,6.5658729749281735,12,3,Winter,4.9,0.0,2023,362
2023-12-29,5.491391560611485,1.1,0.0,5.172338704259867,5.732254584662631,12,4,Winter,1.1,0.0,2023,363
2023-12-30,4.520654761904762,-1.4,0.0,5.491391560611485,5.061461675592037,12,5,Winter,-1.4,0.0,2023,364
2023-12-31,5.32683791171811,4.1,2.3,4.520654761904762,5.112961411411452,12,6,Winter,4.1,2.3,2023,365
